MarketLSI,CrossStress,IndexRet,IndexRV,MarketRelAmt,horizon,quantile,shock_variable
1.0,0.0,0.0,0.0,0.0,0,0.1,MarketLSI
0.7788622179417632,-0.08552840023541328,0.0007700338861091893,-0.021184356838146012,-0.03766399777011031,1,0.1,MarketLSI
0.6022982833834658,-0.14023755928943443,0.03122402104812272,-0.03029025819723069,-0.06805423555110773,2,0.1,MarketLSI
0.46220539925733184,-0.1719661347671645,0.053311428879189604,-0.032807301929097255,-0.09270741561757917,3,0.1,MarketLSI
0.35165076291918396,-0.18704569350439104,0.06770757107572489,-0.03193563232345081,-0.11276445643042898,4,0.1,MarketLSI
0.26497727732161297,-0.19035765787157644,0.07657831561833128,-0.02945265161474714,-0.12909188093161283,5,0.1,MarketLSI
0.19755611549109275,-0.18562125019225917,0.08155927363744275,-0.026330859868207657,-0.1423713258346806,6,0.1,MarketLSI
0.14559018327944373,-0.1756385892697072,0.08382991372201665,-0.023091311698072214,-0.1531530943362529,7,0.1,MarketLSI
0.10596535315196509,-0.16249205697979474,0.08424570122599107,-0.020002087235099997,-0.16188881731165372,8,0.1,MarketLSI
0.07613346451578584,-0.1477026964425625,0.08342997254588802,-0.017189883522588267,-0.16895249384068056,9,0.1,MarketLSI
0.05401720352323225,-0.13235711391607452,0.08183654178066102,-0.014703004928148244,-0.17465499416251973,10,0.1,MarketLSI
0.037931089460278455,-0.11720880827774183,0.07979364132773614,-0.0125470707358038,-0.1792547679608656,11,0.1,MarketLSI
0.02651505474427973,-0.10275869506764068,0.07753568709858549,-0.01070532823990794,-0.18296623298795267,12,0.1,MarketLSI
0.01867832422464255,-0.08931871459741358,0.07522679211674044,-0.009150223571451177,-0.1859666396317632,13,0.1,MarketLSI
0.013551963527211552,-0.07706172254383481,0.07297847077920028,-0.0078499703883817,-0.1884018468644757,14,0.1,MarketLSI
0.01044884010360847,-0.06606030138535601,0.0708631141421614,-0.006772232632335451,-0.1903912564890069,15,0.1,MarketLSI
0.008829965174240284,-0.05631666885475628,0.06892430314788356,-0.005886128517943345,-0.19203205529911171,16,0.1,MarketLSI
0.00827633346123624,-0.04778547435551195,0.06718471075998123,-0.005163251375160716,-0.19340286516003724,17,0.1,MarketLSI
0.008465488054592796,-0.04039095186566577,0.06565214163819233,-0.0045781130362014255,-0.19456687577143583,18,0.1,MarketLSI
0.009152128466443643,-0.03403962789801418,0.06432412247668673,-0.00410824957594047,-0.19557452166439226,19,0.1,MarketLSI
0.010152159581790166,-0.028629557534544325,0.06319136116283641,-0.003734133149780161,-0.19646575743269779,20,0.1,MarketLSI
0.0,1.0,0.0,0.0,0.0,0,0.1,CrossStress
0.07592909933377234,0.8605491897569439,-0.19426460904612597,0.021192657947334576,0.02655451675491438,1,0.1,CrossStress
0.12060770887774624,0.7329880880473365,-0.18974293965880906,0.02789523035587993,0.0452754366870651,2,0.1,CrossStress
0.1449199765332208,0.6193905392045987,-0.1708831375143336,0.028077725009810706,0.05853934126242477,3,0.1,CrossStress
0.15509254448253623,0.5195934044208504,-0.15122684727487945,0.025373577006668646,0.06785944315119574,4,0.1,CrossStress
0.15557366413626272,0.4328759936825489,-0.1326278333413261,0.02163623033814327,0.07430003235709237,5,0.1,CrossStress
0.14961920254560873,0.35824161463291015,-0.11568243089530339,0.017789400807733946,0.07863298074163283,6,0.1,CrossStress
0.13961013367216935,0.29455663358177386,-0.10060775897964391,0.01425999100619435,0.08142833699834351,7,0.1,CrossStress
0.12727367876966678,0.24064216994308063,-0.08742592260078297,0.011213490644405577,0.0831119044297084,8,0.1,CrossStress
0.113845340261021,0.19533533617481058,-0.07605193277472033,0.008682343458593644,0.08400355249243274,9,0.1,CrossStress
0.10019035388740072,0.1575287938039599,-0.06634488946371164,0.006635377630349937,0.0843437598860306,10,0.1,CrossStress
0.08689602533718854,0.12619473761105238,-0.05813865231858395,0.005014788599342512,0.08431268543181991,11,0.1,CrossStress
0.07434251283491544,0.1003977663526866,-0.051260236745315324,0.0037553214565989035,0.0840442912881394,12,0.1,CrossStress
0.06275727377966012,0.07929993262011892,-0.04554069455993781,0.002793752286497808,0.08363704617232082,13,0.1,CrossStress
0.05225692598319864,0.06216041379282178,-0.04082131803987732,0.0020731424758012595,0.08316216780457619,14,0.1,CrossStress
0.042879313826503784,0.048331613112047145,-0.0369568990811695,0.0015443319231522312,0.08267003350231117,15,0.1,CrossStress
0.03460791153725984,0.03725302305889433,-0.0338171239480104,0.0011660245877835873,0.08219519076507176,16,0.1,CrossStress
0.027390224088326143,0.028443821548439607,-0.03128679288879799,0.0009042035613598398,0.08176027781435224,17,0.1,CrossStress
0.021151494681102556,0.021494896592253343,-0.029265313124141268,0.0007312717393717638,0.08137908530161209,18,0.1,CrossStress
0.015804757605361153,0.01606078663066679,-0.027665761559327207,0.0006251257344620509,0.08105893695466593,19,0.1,CrossStress
0.011258062978910965,0.011851866533386879,-0.026413714796645005,0.0005682670180630067,0.08080252883945516,20,0.1,CrossStress
0.0,0.0,1.0,0.0,0.0,0,0.1,IndexRet
0.010193410283025922,0.0059291577099668535,0.05978439057218332,0.00348205625990769,0.00031156881712179896,1,0.1,IndexRet
0.008785722422527398,0.004622633932890863,0.0016970427325463389,0.002064673181242316,-9.294353900746177e-05,2,0.1,IndexRet
0.007091464248279555,0.003260543379278169,-0.001150739809063106,0.0010710345572902402,-0.00041702785660735486,3,0.1,IndexRet
0.005705905777422471,0.002207009982247432,-0.0007859991861189908,0.000511710631039497,-0.0006581106782478363,4,0.1,IndexRet
0.0045893087303381375,0.0014160963330260845,-0.00039207642951977206,0.00020656260526780157,-0.0008431775314832191,5,0.1,IndexRet
0.0036860736748480782,0.0008309088606359705,-0.00010957656279730887,4.361866958191296e-05,-0.0009897491201587005,6,0.1,IndexRet
0.0029541778317312417,0.00040524119780815937,8.96729045536393e-05,-4.0269771837353474e-05,-0.001108478615454045,7,0.1,IndexRet
0.0023616559225294598,0.00010243716764790634,0.00023092531002211203,-8.04185685620018e-05,-0.0012060854281636946,8,0.1,IndexRet
0.0018833330100272994,-0.00010652570802172079,0.0003311682549188566,-9.659784531168558e-05,-0.0012870540482325943,9,0.1,IndexRet
0.001498846357986583,-0.0002445671836424079,0.00040192005973493927,-9.989387730324761e-05,-0.0013545681138089627,10,0.1,IndexRet
0.0011914447272717288,-0.00032970839141710506,0.00045122265825603414,-9.652752947647558e-05,-0.0014110220388598993,11,0.1,IndexRet
0.0009472199069932019,-0.0003760338487368564,0.00048484286536920607,-8.99829041082767e-05,-0.0014583030202182101,12,0.1,IndexRet
0.0007545798863021203,-0.00039446896489769845,0.0005070029970615231,-8.219772372819456e-05,-0.0014979490005886387,13,0.1,IndexRet
0.0006038610442498094,-0.0003934123143645163,0.0005208394928081228,-7.423183312221804e-05,-0.001531239949205565,14,0.1,IndexRet
0.0004870244439493243,-0.0003792509018201162,0.0005287019774018464,-6.66446602086701e-05,-0.0015592534099957422,15,0.1,IndexRet
0.00039740684179068175,-0.0003567797828127883,0.0005323562639075741,-5.970977894670382e-05,-0.0015829008703012182,16,0.1,IndexRet
0.0003295105130549647,-0.0003295428914116272,0.0005331275540427782,-5.353784646960902e-05,-0.0016029537037776098,17,0.1,IndexRet
0.00027882302104220713,-0.0003001087588565543,0.0005320049027655038,-4.814766525035319e-05,-0.0016200632518379443,18,0.1,IndexRet
0.00024166165216776836,-0.0002702924393178652,0.0005297194953046702,-4.350762715343848e-05,-0.0016347773850364788,19,0.1,IndexRet
0.00021503904602893087,-0.00024133309377427636,0.0005268044602629862,-3.95600686423081e-05,-0.0016475547263730128,20,0.1,IndexRet
0.0,0.0,0.0,1.0,0.0,0,0.1,IndexRV
-0.05905657984270363,0.011322956880461144,-0.18678022104353786,0.5587492098229312,-0.056430036780312776,1,0.1,IndexRV
-0.0786798826986631,0.020334814720293415,-0.10278307968346234,0.3128257001526632,-0.08546304551487388,2,0.1,IndexRV
-0.07720062103208253,0.02764670698206184,-0.045880248549164726,0.17620436300705722,-0.09959835078095752,3,0.1,IndexRV
-0.06650443764382563,0.032683166010265,-0.014624130015040038,0.10013504287222119,-0.10586030544676939,4,0.1,IndexRV
-0.052829357728918946,0.03546202802264031,0.0021461999498375572,0.057596420943514026,-0.10808566932837871,5,0.1,IndexRV
-0.03923063020949147,0.036314181628047226,0.011156090016571807,0.033647084576505004,-0.10834541843176293,6,0.1,IndexRV
-0.02706192868770385,0.03566814377580119,0.016081939436348724,0.020025771259342795,-0.1077403121922984,7,0.1,IndexRV
-0.0167931738776258,0.03394296166929589,0.0188947329917607,0.012162860243712326,-0.10684082360439784,8,0.1,IndexRV
-0.008454854912792742,0.03150262328344622,0.020635610461992138,0.007528598338529036,-0.10592981325874917,9,0.1,IndexRV
-0.00187625760815735,0.02864210166728698,0.02184373833183728,0.0047203921086272915,-0.10513609683265934,10,0.1,IndexRV
0.003189408611349087,0.025588681863839113,0.022790378420372348,0.002958563530503333,-0.10450770103708606,11,0.1,IndexRV
0.007001584022969798,0.022509899176205383,0.023606172339568743,0.001807817820895119,-0.10405180457313401,12,0.1,IndexRV
0.009802269257375817,0.01952362301671451,0.024349795652904627,0.0010234162756416199,-0.10375630060377161,13,0.1,IndexRV
0.011803659135137368,0.016708095834412795,0.02504454063659911,0.00046623325175859653,-0.10360124467356857,14,0.1,IndexRV
0.013184938434378735,0.014110949901815606,0.025697450695937096,5.585268071905958e-05,-0.10356475937897547,15,0.1,IndexRV
0.014093578084086622,0.01175685666719295,0.026309039544736068,-0.00025533618514805845,-0.10362592300544993,16,0.1,IndexRV
0.01464862398656741,0.009653779262095652,0.02687799309285288,-0.0004964552985868842,-0.1037660374950562,17,0.1,IndexRV
0.014944657255275717,0.00779794478041862,0.027403249344771785,-0.000686062802419507,-0.1039690442208756,18,0.1,IndexRV
0.015055755472367705,0.006177709416228749,0.02788475054686923,-0.000836553974435883,-0.10422150880381942,19,0.1,IndexRV
0.015039138645007721,0.004776500346600043,0.028323558320603293,-0.0009566195789837417,-0.10451240391772787,20,0.1,IndexRV
0.0,0.0,0.0,0.0,1.0,0,0.1,MarketRelAmt
-0.02408396253663314,-0.005681278092007469,-0.26567213377625,0.003821356721120689,0.9994605341182909,1,0.1,MarketRelAmt
-0.04619421418590408,-0.010039312631010044,-0.28104048738707754,0.0054191918345719015,0.9993791795242246,2,0.1,MarketRelAmt
-0.0639950147318048,-0.01197112824625357,-0.2814065191559536,0.00663418971023183,0.9999199495918398,3,0.1,MarketRelAmt
-0.07809457536296716,-0.012102561771777043,-0.28143743106609054,0.007650018948531512,1.0010109023955016,4,0.1,MarketRelAmt
-0.0891727510221273,-0.011004633018057541,-0.2819041759416834,0.008517578713487406,1.002571489421296,5,0.1,MarketRelAmt
-0.09781133669937292,-0.00911412286802682,-0.2827305467601323,0.009264617429242117,1.00452853606185,6,0.1,MarketRelAmt
-0.10449573449319371,-0.006755960998866106,-0.2838133268681453,0.009909693641548534,1.006817679304067,7,0.1,MarketRelAmt
-0.10962717113449583,-0.004167061926442117,-0.2850699638706198,0.010466687183101286,1.0093832295891687,8,0.1,MarketRelAmt
-0.1135347726503867,-0.001516022950211915,-0.2864376045896101,0.01094690692380862,1.0121775905344943,9,0.1,MarketRelAmt
-0.11648656517487077,0.0010809904074923216,-0.28786945957658505,0.01136010795964515,1.01516049203929,10,0.1,MarketRelAmt
-0.11869925377558999,0.0035475525112050876,-0.28933149450769213,0.01171496608493533,1.0182981600412606,11,0.1,MarketRelAmt
-0.12034677679549688,0.005836921690366537,-0.290799642375257,0.012019289434723579,1.0215624922600737,12,0.1,MarketRelAmt
-0.12156769627371555,0.007924141871591517,-0.2922575104463636,0.012280111403822014,1.024930278471686,13,0.1,MarketRelAmt
-0.12247151711575932,0.009799896813350362,-0.29369452469638124,0.012503736744050753,1.0283824852897796,14,0.1,MarketRelAmt
-0.12314404208138574,0.011465777428383173,-0.2951044484327432,0.012695774671571403,1.0319036141172822,15,0.1,MarketRelAmt
-0.12365187332211791,0.012930679891223873,-0.29648421407293923,0.01286117321427821,1.0354811340538423,16,0.1,MarketRelAmt
-0.12404616840963378,0.014208101579148091,-0.29783301280390906,0.013004259332629775,1.0391049874343712,17,0.1,MarketRelAmt
-0.12436575226246815,0.015314144004459074,-0.29915159387632617,0.013128784880323041,1.0427671633160065,18,0.1,MarketRelAmt
-0.12463967784327457,0.016266067495741,-0.30044173242195993,0.013237976695814224,1.0464613329963546,19,0.1,MarketRelAmt
-0.12488931908623746,0.017081272235624834,-0.30170583135846274,0.013334588667770708,1.0501825411338577,20,0.1,MarketRelAmt
1.0,0.0,0.0,0.0,0.0,0,0.5,MarketLSI
0.8709495889544776,-5.182604829734316e-07,-0.13142123942469555,-0.02018390852694888,-0.036299700225166154,1,0.5,MarketLSI
0.7578826290810377,-9.656932048012612e-07,-0.12435799336975187,-0.03743320866424383,-0.06735378347386231,2,0.5,MarketLSI
0.6596686371946024,-1.3465678036186514e-06,-0.10847645718412718,-0.052024427235506654,-0.09374934248601915,3,0.5,MarketLSI
0.5744199156386235,-1.6694388129626415e-06,-0.09391991061041836,-0.06430785586385435,-0.1161033508656936,4,0.5,MarketLSI
0.5004257507256143,-1.9421151621663502e-06,-0.08123620857761381,-0.07459612145088826,-0.1349595621225753,5,0.5,MarketLSI
0.4361961930549847,-2.1713992297451338e-06,-0.0702353396252566,-0.08316098414239222,-0.15079022113328105,6,0.5,MarketLSI
0.3804382261564316,-2.3631912797371913e-06,-0.060698835664896304,-0.09023809502513322,-0.16400489792064749,7,0.5,MarketLSI
0.33203010934934574,-2.522606729829311e-06,-0.05243285657033711,-0.096031730888762,-0.17495874338763948,8,0.5,MarketLSI
0.28999871848364833,-2.6540800297195774e-06,-0.04526890274718435,-0.1007189505188016,-0.1839596988408282,9,0.5,MarketLSI
0.2534998567364526,-2.7614549469032475e-06,-0.0390607778556496,-0.10445320413660322,-0.19127475401068894,10,0.5,MarketLSI
0.2218011717021049,-2.848062901595917e-06,-0.03368165926644268,-0.10736746481749766,-0.19713537610740425,11,0.5,MarketLSI
0.19426733583086728,-2.916790921522838e-06,-0.029021532935217878,-0.10957694493616225,-0.20174221946960424,12,0.5,MarketLSI
0.17034719050556152,-2.9701405909891513e-06,-0.02498496625482497,-0.11118145260304461,-0.20526921110906646,13,0.5,MarketLSI
0.14956259358058116,-3.0102791874812322e-06,-0.021489175863042324,-0.11226743579438066,-0.20786709484743127,14,0.5,MarketLSI
0.13149874466782377,-3.0390840410140746e-06,-0.01846235146474988,-0.11290975555924512,-0.20966650578505003,15,0.5,MarketLSI
0.11579579236130849,-3.0581810142742034e-06,-0.015842201756809608,-0.11317322420367831,-0.21078063733628954,16,0.5,MarketLSI
0.10214155353766685,-3.0689778826115516e-06,-0.013574693026861769,-0.11311393959498411,-0.21130755481925903,17,0.5,MarketLSI
0.09026519737731635,-3.072693289704812e-06,-0.01161295489585179,-0.1127804426026546,-0.21133220243424175,18,0.5,MarketLSI
0.07993176627638485,-3.0703818651741233e-06,-0.009916331056907014,-0.11221472111253664,-0.2109281442593247,19,0.5,MarketLSI
0.0709374227575251,-3.062956012730203e-06,-0.008449555797810787,-0.11145308094536105,-0.21015907450822938,20,0.5,MarketLSI
0.0,1.0,0.0,0.0,0.0,0,0.5,CrossStress
0.09457494653043574,1.0000000517666006,0.11069486929009625,0.024240638797438985,0.034378195715302984,1,0.5,CrossStress
0.17743044433500102,1.000000047155714,0.10624467620942965,0.046111416733959895,0.06472340364682358,2,0.5,CrossStress
0.24930273273362746,0.999999988890128,0.09425771922113152,0.06580966210544163,0.09146226819226261,3,0.5,CrossStress
0.3115829117580784,0.9999998833673612,0.08317912576725689,0.0835986779370047,0.115054616752202,4,0.5,CrossStress
0.3655383813802503,0.9999997364701194,0.0734894688508671,0.09971465289006189,0.13590680453966072,5,0.5,CrossStress
0.41227345699797596,0.9999995533358114,0.06505370207294141,0.11436344554776756,0.15437216250525204,6,0.5,CrossStress
0.4527464827942173,0.9999993384310534,0.057710160221216715,0.12772404661423659,0.17075748304704674,7,0.5,CrossStress
0.48778881192003565,0.9999990956384347,0.051314998605653694,0.1399520865914823,0.1853291380392498,8,0.5,CrossStress
0.5181216050371653,0.9999988283335718,0.04574313061679824,0.15118291949913681,0.19831842595257337,9,0.5,CrossStress
0.5443704298304413,0.9999985394521026,0.04088600842969369,0.16153430144654254,0.20992621377399606,10,0.5,CrossStress
0.5670779281631728,0.9999982315478183,0.03664945326053956,0.17110871472464417,0.22032696422764217,11,0.5,CrossStress
0.5867148049301832,0.9999979068430964,0.03295175340456117,0.1799953841410426,0.22967222950768681,12,0.5,CrossStress
0.6036893608313609,0.9999975672726568,0.029722012697234613,0.1882720263538934,0.23809368219119698,13,0.5,CrossStress
0.6183557619906426,0.9999972145215211,0.026898717678012055,0.19600636757810413,0.24570574465260442,14,0.5,CrossStress
0.6310212137937806,0.9999968500579484,0.024428494595382065,0.20325746035167358,0.25260787017756464,15,0.5,CrossStress
0.6419521841414325,0.9999964751620076,0.022265031108019497,0.21007682598393393,0.2588865219251735,16,0.5,CrossStress
0.6513798020749411,0.9999960909503698,0.0203681408599069,0.2165094457800418,0.2646168897726221,17,0.5,CrossStress
0.659504541042228,0.9999956983978167,0.018702951998137807,0.2225946210760356,0.2698643797717196,18,0.5,CrossStress
0.6665002815927581,0.9999952983559035,0.017239203210537533,0.22836671946421516,0.2746859063449557,19,0.5,CrossStress
0.6725178357305358,0.9999948915691519,0.015950633036337983,0.23385582228577884,0.27913101335676516,20,0.5,CrossStress
0.0,0.0,1.0,0.0,0.0,0,0.5,IndexRet
0.006991811385556712,3.845396541121704e-08,0.07941671997020974,0.000788583569123924,0.000622615775957347,1,0.5,IndexRet
0.006635928548962994,3.746264362911384e-08,0.005352958526718625,0.0006907680995207601,0.0004020609374238912,2,0.5,IndexRet
0.005809383713166786,3.38474028550372e-08,-0.0004803429663618672,0.0005436974204832568,0.00015192761923674136,3,0.5,IndexRet
0.005050513570931876,3.050305480659541e-08,-0.0008307878232519036,0.00041191137913598394,-6.731043303726675e-05,4,0.5,IndexRet
0.004388728097460496,2.7598848531843e-08,-0.000755044996185901,0.000298049651116258,-0.00025522115781752286,5,0.5,IndexRet
0.003814258748924446,2.5092785350404996e-08,-0.0006587106413152577,0.00020010107782850173,-0.0004156241352481632,6,0.5,IndexRet
0.0033157867232916603,2.2933211367165816e-08,-0.0005726618256102628,0.00011597440981112386,-0.0005521705443886984,7,0.5,IndexRet
0.0028832636391642706,2.1074093550290876e-08,-0.0004978052473233255,4.382775036088776e-05,-0.0006680545348704547,8,0.5,IndexRet
0.0025079540577403643,1.9475403374436433e-08,-0.00043284094003599727,-1.793878220583342e-05,-0.000766048722026888,9,0.5,IndexRet
0.002182278512769493,1.8102412111539996e-08,-0.00037647296126901153,-7.071305374619155e-05,-0.0008485580279417038,10,0.5,IndexRet
0.0018996617097961667,1.6924995849189635e-08,-0.00032756352387210835,-0.00011569884388097987,-0.0009176682465693725,11,0.5,IndexRet
0.0016543995795339564,1.5917025854250893e-08,-0.0002851245096568353,-0.00015394022834699234,-0.0009751883234741521,12,0.5,IndexRet
0.0014415438456888245,1.505583917374877e-08,-0.000248298642919538,-0.00018634274289254515,-0.001022687045279136,13,0.5,IndexRet
0.0012568018798958143,1.4321779341099671e-08,-0.0002163422342179519,-0.00021369174379017725,-0.0010615248684605755,14,0.5,IndexRet
0.001096449825685436,1.3697797938682256e-08,-0.00018861013615423944,-0.0002366683355111976,-0.001092881530653414,15,0.5,IndexRet
0.0009572572338775766,1.3169108956212846e-08,-0.0001645426865806432,-0.00025586318785197903,-0.0011177800032350083,16,0.5,IndexRet
0.0008364216841330804,1.2722888949473871e-08,-0.0001436543814091612,-0.000271788522164855,-0.0011371072699805918,17,0.5,IndexRet
0.000731512069453738,1.2348016930620254e-08,-0.00012552404828967967,-0.0002848885092967407,-0.001151632352352272,18,0.5,IndexRet
0.000640419395749256,1.2034848725423414e-08,-0.00010978632232049729,-0.0002955482896930123,-0.0011620219462571968,19,0.5,IndexRet
0.0005613141006891899,1.1775021230395034e-08,-9.612425126834939e-05,-0.0003041017982372274,-0.001168853986768137,20,0.5,IndexRet
0.0,0.0,0.0,1.0,0.0,0,0.5,IndexRV
-0.010391579432592835,-6.041490512309622e-07,-0.058591048723114915,0.9731336412013167,-0.011694167572661951,1,0.5,IndexRV
-0.01956020994019581,-1.1899634446739348e-06,-0.060511315285657404,0.9471175725532509,-0.02260234830437951,2,0.5,IndexRV
-0.027277152546439233,-1.7563423045855458e-06,-0.058127607360568344,0.9219513108389444,-0.032752404790676884,3,0.5,IndexRV
-0.03370929120580339,-2.3043191729130606e-06,-0.05562925071920084,0.8975883899247694,-0.04221278914418681,4,0.5,IndexRV
-0.03903070881639864,-2.834980149779734e-06,-0.05332550444645964,0.8739834516854748,-0.05104719325693517,5,0.5,IndexRV
-0.04339464608250733,-3.349311209113723e-06,-0.05121652007103942,0.8510954355558182,-0.05931193801317711,6,0.5,IndexRV
-0.0469340824779569,-3.848199061637592e-06,-0.04928076129997413,0.8288873082366135,-0.06705667028450073,7,0.5,IndexRV
-0.049764248270229,-4.332442667233543e-06,-0.047497750094806696,0.8073255836460342,-0.07432520681376237,8,0.5,IndexRV
-0.051984965517865134,-4.802764104343783e-06,-0.0458495297617376,0.7863798860048463,-0.08115628600170731,9,0.5,IndexRV
-0.05368269185176782,-5.259818084581965e-06,-0.0443204611911794,0.7660225685040752,-0.08758422209021326,10,0.5,IndexRV
-0.05493229442325996,-5.704200227484979e-06,-0.0428969273116979,0.7462283816697283,-0.09363947323732172,11,0.5,IndexRV
-0.05579858880717512,-6.136454254166369e-06,-0.041567067104699255,0.72697418497349,-0.09934913476820767,12,0.5,IndexRV
-0.056337673928212734,-6.557078242365048e-06,-0.04032054406655581,0.7082386959842871,-0.10473736749705104,13,0.5,IndexRV
-0.056598090033792396,-6.966530066893579e-06,-0.03914834526403995,0.6900022721024721,-0.10982576971241041,14,0.5,IndexRV
-0.05662182316167916,-7.365232133097534e-06,-0.038042606987080535,0.6722467205743106,-0.11463370028106001,15,0.5,IndexRV
-0.056445176444074444,-7.753575496688356e-06,-0.036996463479721936,0.654955133054139,-0.11917855933771562,16,0.5,IndexRV
-0.056099525894497834,-8.131923450948554e-06,-0.03600391569221001,0.6381117414758116,-0.12347603217133804,17,0.5,IndexRV
-0.05561197598553126,-8.500614651582371e-06,-0.035059717401854096,0.6217017924238312,-0.12754030117547663,18,0.5,IndexRV
-0.05500592829707066,-8.859965840180502e-06,-0.03415927640172301,0.6057114375665248,-0.13138423008536698,19,0.5,IndexRV
-0.054301574755081614,-9.210274219195421e-06,-0.033298568761105554,0.5901276380363153,-0.13501952416517363,20,0.5,IndexRV
0.0,0.0,0.0,0.0,1.0,0,0.5,MarketRelAmt
-0.0010639598861050814,8.799967365913375e-08,0.01769199576199329,0.0029959541543011226,0.9887895909802165,1,0.5,MarketRelAmt
-0.0018861131616729459,1.7443457243605685e-07,0.018863002098485012,0.005913260677222859,0.9777194598067602,2,0.5,MarketRelAmt
-0.0026125088360340644,2.586039391796536e-07,0.018697276788735277,0.00873654398899892,0.9667698898362581,3,0.5,MarketRelAmt
-0.0032640020794077376,3.4047415713983e-07,0.018420449689580027,0.011465704404598168,0.9559363207311858,4,0.5,MarketRelAmt
-0.0038501814362147183,4.200692072198667e-07,0.018132522271922538,0.014102018704201195,0.9452157645747573,5,0.5,MarketRelAmt
-0.00437870894032517,4.97420850839815e-07,0.017842568795519865,0.016646992808294084,0.93460566233968,6,0.5,MarketRelAmt
-0.004856207314662318,5.725640342980156e-07,0.01755218335806105,0.019102246318407214,0.9241037498563195,7,0.5,MarketRelAmt
-0.0052884478893307635,6.455360197626596e-07,0.017262227976047415,0.021469483470286748,0.9137080107939859,8,0.5,MarketRelAmt
-0.005680466735738143,7.163758865552949e-07,0.01697339406160861,0.02375047384090974,0.9034166415318012,9,0.5,MarketRelAmt
-0.006036661650007196,7.851241227775309e-07,0.016686262784476404,0.02594703625538596,0.8932280212141959,10,0.5,MarketRelAmt
-0.006360875999545334,8.518222766090708e-07,0.016401323024503176,0.028061025041605243,0.8831406858883266,11,0.5,MarketRelAmt
-0.0066564714533395575,9.165126577787774e-07,0.01611898416436742,0.030094318283189345,0.8731533061469368,12,0.5,MarketRelAmt
-0.006926391091103528,9.79238082350442e-07,0.015839586956530413,0.03204880779912581,0.863264667807263,13,0.5,MarketRelAmt
-0.007173214167523381,1.0400416549869354e-06,0.015563412925383404,0.03392639061707999,0.8534736552213205,14,0.5,MarketRelAmt
-0.007399203637074723,1.0989665836407465e-06,0.015290692515409442,0.03572896173855217,0.8437792368667707,15,0.5,MarketRelAmt
-0.007606347398277365,1.156056022290996e-06,0.015021612153004283,0.037458408020897,0.8341804529141301,16,0.5,MarketRelAmt
-0.007796394089198567,1.2113529379293584e-06,0.014756320366154676,0.03911660302449808,0.8246764045064457,17,0.5,MarketRelAmt
-0.007970884155804773,1.2648999985023845e-06,0.014494933086963376,0.04070540269357839,0.8152662445225809,18,0.5,MarketRelAmt
-0.008131176819155449,1.316739478955829e-06,0.014237538245437047,0.04222664175663831,0.8059491696256249,19,0.5,MarketRelAmt
-0.008278473484494168,1.3669131829065865e-06,0.013984199748584156,0.043682130747701935,0.796724413424297,20,0.5,MarketRelAmt
1.0,0.0,0.0,0.0,0.0,0,0.9,MarketLSI
0.8580254781576856,-0.012785790172546774,-0.2932004456580213,-0.05518229653644707,-0.020255270903083433,1,0.9,MarketLSI
0.731716300374134,-0.021769044424652884,-0.2990768704447706,-0.1022266656990358,-0.03679799896100522,2,0.9,MarketLSI
0.6219021763802708,-0.02723726014882788,-0.2804313766844293,-0.14158769082223338,-0.04999874660521325,3,0.9,MarketLSI
0.5270513333218825,-0.02946841252611776,-0.2604726047087591,-0.17394963277074604,-0.060208760139381756,4,0.9,MarketLSI
0.4456073617676529,-0.02870935469956426,-0.24110828426638498,-0.1999426741448782,-0.06774044505889631,5,0.9,MarketLSI
0.3761759427604856,-0.0251772687778149,-0.22236814752365563,-0.22012610698626311,-0.07286985834411985,6,0.9,MarketLSI
0.31752268573681963,-0.01906277730403838,-0.20413024744974595,-0.23499430134238208,-0.07584067262317418,7,0.9,MarketLSI
0.26855632071207314,-0.01053285658108738,-0.18627274198024324,-0.2449838392436563,-0.0768678399793945,8,0.9,MarketLSI
0.2283125014528542,0.0002665738428615505,-0.16868577448613387,-0.25047998963218854,-0.07614084727947401,9,0.9,MarketLSI
0.19593935718344202,0.01320836158682992,-0.15127109019628815,-0.25182244952988286,-0.07382659727745056,10,0.9,MarketLSI
0.17068469927054641,0.02818209853503184,-0.13394072547460123,-0.24931042235309198,-0.07007195737115768,11,0.9,MarketLSI
0.15188470218796146,0.04509233416196601,-0.1166157598508355,-0.24320710831340353,-0.06500601409820783,12,0.9,MarketLSI
0.13895389014057047,0.06385699803905576,-0.09922520212960961,-0.23374367430381104,-0.058742067167479206,13,0.9,MarketLSI
0.13137627935308416,0.0844060075844455,-0.0817050020868133,-0.2211227630078456,-0.05137939294112037,14,0.9,MarketLSI
0.12869754321876847,0.10668003987515995,-0.06399717386479642,-0.20552159410077042,-0.04300480384009209,15,0.9,MarketLSI
0.13051808277889076,0.13062944878203453,-0.04604901820580798,-0.1870947043256166,-0.03369402709950542,16,0.9,MarketLSI
0.13648689852767237,0.156213310848468,-0.027812432089531214,-0.16597636783972636,-0.023512923603592917,17,0.9,MarketLSI
0.14629617150660756,0.18339858524621633,-0.009243295648728278,-0.1422827334598562,-0.012518565143877503,18,0.9,MarketLSI
0.1596764722443913,0.21215937483394498,0.009699072601235592,-0.11611371121450365,-0.0007601863322355129,19,0.9,MarketLSI
0.1763925254728882,0.2424762768420754,0.029052400154888858,-0.08755463687793874,0.011719974468416439,20,0.9,MarketLSI
0.0,1.0,0.0,0.0,0.0,0,0.9,CrossStress
0.17913014368457247,1.1157743783946592,0.46453295563780994,0.1412933348007983,0.06256702538982162,1,0.9,CrossStress
0.3570197274152255,1.233958603448148,0.5503108649397124,0.2841589359106629,0.12436376442606406,2,0.9,CrossStress
0.5310874432837398,1.354771559087769,0.6050529846512034,0.4286419793431244,0.18560276130773895,3,0.9,CrossStress
0.7020592572621986,1.478453447652711,0.6596438623844199,0.5751689613229808,0.24650864704862896,4,0.9,CrossStress
0.8708579137224829,1.6052340850390796,0.7167869857594853,0.7241644411054032,0.30728826048597946,5,0.9,CrossStress
1.0383379469101892,1.7353320595036306,0.7766900499626095,0.8760217157183621,0.3681303568228991,6,0.9,CrossStress
1.2052725651577183,1.868956425999647,0.8393495412991778,1.03110445857567,0.4292076823434736,7,0.9,CrossStress
1.3723617623032913,2.006308440046892,0.9047530908519041,1.1897506436928253,0.4906790238353842,8,0.9,CrossStress
1.5402412688599667,2.1475831310302063,0.9728966539302464,1.3522762581941286,0.5526910472527355,9,0.9,CrossStress
1.709490650022944,2.2929707166160433,1.0437853158569355,1.51897862930345,0.615379933319375,10,0.9,CrossStress
1.880640507247057,2.4426578757124244,1.117432733494467,1.6901393932274842,0.6788728321855402,11,0.9,CrossStress
2.054178874594441,2.596828896833263,1.1938605378196843,1.8660271463389702,0.7432891580759677,12,0.9,CrossStress
2.2305569021081584,2.7556667169397473,1.2730978063453562,2.0468998158822203,0.8087417425887384,13,0.9,CrossStress
2.410193908907037,2.919353864134904,1.3551806069968264,2.2330067832983147,0.8753378631773794,14,0.9,CrossStress
2.5934818793031713,3.0880733160767395,1.4401516064543536,2.424590789501404,0.9431801614571427,15,0.9,CrossStress
2.780789466847982,2.8528874089742677,1.5280597360399089,2.6218896480954506,1.012367464301736,16,0.9,CrossStress
2.8991795034042793,2.387972792072177,1.428909314852823,2.767331595410602,1.05739798043287,17,0.9,CrossStress
2.516072924671743,1.9042481118205705,1.210494684699249,2.359748815012348,1.0669322461229411,18,0.9,CrossStress
2.0286979467990935,1.4013025835509687,0.9998725625685196,1.8353407590330058,1.0622948862653177,19,0.9,CrossStress
1.5200462669806294,0.8787056793950754,0.784448162832553,1.286688061000988,1.0471444104302625,20,0.9,CrossStress
0.0,0.0,1.0,0.0,0.0,0,0.9,IndexRet
0.008334547762724853,-0.00010601324872461237,0.0861679007745999,0.0005684306639558434,-0.00013889031479041858,1,0.9,IndexRet
0.00784137185506606,-0.00027408312951093805,0.005010402255489543,9.749438363138019e-05,-0.00033513920350747295,2,0.9,IndexRet
0.006713325571049866,-0.00041769052952467245,-0.0020613672587537213,-0.0003981286961066699,-0.0005065090872301004,3,0.9,IndexRet
0.005663146895615645,-0.000531743834601528,-0.0025503717948311966,-0.0008347112978821514,-0.0006489290395756964,4,0.9,IndexRet
0.00473981692257619,-0.0006180932237045411,-0.0024619424384559885,-0.0012106168628286396,-0.000764908512756457,5,0.9,IndexRet
0.003934913601424839,-0.0006789366617132586,-0.0023290839514060746,-0.001530847274760605,-0.0008572099818549006,6,0.9,IndexRet
0.0032363790140697013,-0.0007162634282051883,-0.0021979918505792284,-0.0018004043331414366,-0.0009283238601682786,7,0.9,IndexRet
0.0026331354295070497,-0.0007318314052753294,-0.0020716812899879145,-0.0020237660370212573,-0.0009804553701191487,8,0.9,IndexRet
0.0021153469335852826,-0.0007271887610080796,-0.0019494479226640493,-0.0022048992780940857,-0.0010155531018614106,9,0.9,IndexRet
0.0016743107458183637,-0.0007036968377702735,-0.0018303648445407994,-0.0023473134249840655,-0.0010353378566658744,10,0.9,IndexRet
0.0013023307833104347,-0.000662550717152488,-0.0017135808744956904,-0.002454111490481914,-0.0010413284844896786,11,0.9,IndexRet
0.000992603097219824,-0.0006047974265666056,-0.001598335668500095,-0.0025280357238472995,-0.0010348647713456227,12,0.9,IndexRet
0.0007391142712536158,-0.0005313520312397735,-0.0014839509400732531,-0.0025715079630619364,-0.0010171276897703585,13,0.9,IndexRet
0.0005365515102671026,-0.00044301185173267754,-0.0013698207085934833,-0.0025866653218731273,-0.000989157313141753,14,0.9,IndexRet
0.00038022309443874747,-0.0003404690216211037,-0.0012554024820614629,-0.002575391745057942,-0.000951868662070865,15,0.9,IndexRet
0.00026598800914445775,-0.00022432157546337095,-0.0011402094261816487,-0.0025393459061886503,-0.0009060657204411626,16,0.9,IndexRet
0.00019019369600847824,-9.50832352835107e-05,-0.0010238034201073276,-0.0024799858677431175,-0.0008524538313148255,17,0.9,IndexRet
0.00014962099179438582,4.6807955571992466e-05,-0.0009057888976622408,-0.002398590875110962,-0.000791650658749532,18,0.9,IndexRet
0.00014143542917910423,0.00020098201951945782,-0.0007858073833757473,-0.002296280613261814,-0.0007241958801680326,19,0.9,IndexRet
0.0001631441685194801,0.00036713033624824476,-0.0006635326429282884,-0.002174032216990973,-0.0006505597549448794,20,0.9,IndexRet
0.0,0.0,0.0,1.0,0.0,0,0.9,IndexRV
-0.011328763069791137,-0.06723734760617228,0.20088467171875113,0.9359649843442733,-0.020884428133732424,1,0.9,IndexRV
-0.03108808283163389,-0.13811231608523367,0.17204224909257326,0.8659736157086709,-0.04397941127270319,2,0.9,IndexRV
-0.06062158590849337,-0.21254330026012225,0.1224211767621346,0.7900907952160258,-0.06913706658861629,3,0.9,IndexRV
-0.09932397167390561,-0.29044658356781283,0.07050907045661026,0.7085908922880243,-0.09621080502365642,4,0.9,IndexRV
-0.14650713438067142,-0.37175492240295516,0.017853236487422652,0.6217287393223953,-0.12507256836334757,5,0.9,IndexRV
-0.20155618865492797,-0.45641765301232085,-0.03549935549207861,0.5297232065277684,-0.1556123704365715,6,0.9,IndexRV
-0.263934482560896,-0.5443993421098905,-0.08962912681392421,0.4327592283106534,-0.18773649614557142,7,0.9,IndexRV
-0.3331762032835117,-0.6356784746222415,-0.14462261859416392,0.330991059377836,-0.2213657869793768,8,0.9,IndexRV
-0.40887879131744054,-0.7302462926591216,-0.20056250502354933,0.22454527503837207,-0.25643411659105886,9,0.9,IndexRV
-0.490696145636361,-0.8281057792382751,-0.2575274225183164,0.11352342509925517,-0.2928870448181564,10,0.9,IndexRV
-0.5783326147299213,-0.9292707714905095,-0.3155925955341763,-0.0019956299207328776,-0.33068063067572506,11,0.9,IndexRV
-0.6715376911723387,-1.0337651889923083,-0.37483046549944143,-0.12195366516283901,-0.3697803862783695,12,0.9,IndexRV
-0.7701013299482158,-1.1416223644642942,-0.43531126026770917,-0.2463112884818246,-0.4101603556556961,13,0.9,IndexRV
-0.8738498193379183,-1.2528844655513316,-0.49710350562069694,-0.3750463598884375,-0.45180230426920054,14,0.9,IndexRV
-0.9826421413169997,-1.367601997714242,-0.5602744852494443,-0.5081526083545289,-0.4946950066761824,15,0.9,IndexRV
-1.0963667656890719,-1.4858333794272114,-0.6248906553621048,-0.6456384238519606,-0.5388336212362268,16,0.9,IndexRV
-1.2149388286057476,-1.6076445819057543,-0.6910180194084292,-0.7875258050617413,-0.5842191420391512,17,0.9,IndexRV
-1.338297651822347,-1.7331088265029502,-0.7587224677923419,-0.9338494454607158,-0.6308579193692889,18,0.9,IndexRV
-1.46640456407866,-1.862306333720018,-0.8280700868935829,-1.0846559425035043,-0.6787612410264785,19,0.9,IndexRV
-1.5992409904554625,-1.9953241184934152,-0.8991274412322428,-1.2400031163970846,-0.7279449677141612,20,0.9,IndexRV
0.0,0.0,0.0,0.0,1.0,0,0.9,MarketRelAmt
0.01888665964585723,0.013519839017787527,0.2574269461016603,0.06205500603616351,0.9780992366913683,1,0.9,MarketRelAmt
0.03854260397956777,0.0238676486538415,0.2871797723038234,0.11979165004749659,0.9558097210962683,2,0.9,MarketRelAmt
0.05643442673796062,0.030975589078963472,0.29464776268454274,0.1728422799320456,0.9330477289254389,3,0.9,MarketRelAmt
0.07209065921185909,0.03480217197880753,0.2981447541435427,0.22110455411176555,0.9097575914308944,4,0.9,MarketRelAmt
0.08525208298407871,0.03531132088961275,0.29933288421786153,0.26450979477896863,0.8858914067094923,5,0.9,MarketRelAmt
0.09570354615849075,0.032469890808751956,0.29838849249947597,0.30300090107120425,0.8614065187305051,6,0.9,MarketRelAmt
0.10325581662042049,0.026246894192055503,0.2953520079869123,0.3365290712050095,0.8362646578655553,7,0.9,MarketRelAmt
0.10774114462676643,0.01661293503105732,0.29024834740316763,0.3650523405081656,0.8104313003517645,8,0.9,MarketRelAmt
0.10901036195166025,0.0035397110217334493,0.28309786924844715,0.38853440666401307,0.7838751100661867,9,0.9,MarketRelAmt
0.10693039776553759,-0.013000434534082839,0.273917557267942,0.40694359150276194,0.7565674431482621,10,0.9,MarketRelAmt
0.10138207919738651,-0.033034917960664156,0.26272130653382675,0.420251912972724,0.7284819072697895,11,0.9,MarketRelAmt
0.09225817614572218,-0.056591282825015465,0.24952010484632714,0.42843425346445274,0.6995939690948876,12,0.9,MarketRelAmt
0.07946166134535959,-0.08369753452207851,0.23432218273561567,0.4314676130853359,0.6698806042829668,13,0.9,MarketRelAmt
0.06290416062546988,-0.11438244588988233,0.21713314100614456,0.4293304378558105,0.6393199850398181,14,0.9,MarketRelAmt
0.04250457121923823,-0.14867583745989332,0.19795605875574562,0.4220020139449643,0.6078912007931123,15,0.9,MarketRelAmt
0.018187828524415472,-0.1866088355450648,0.1767915840156702,0.40946192007152593,0.5755740080734322,16,0.9,MarketRelAmt
-0.010116196043767012,-0.22821411101198485,0.1536380088651903,0.39168953108761695,0.5423486061286118,17,0.9,MarketRelAmt
-0.04247368148220865,-0.27352610126883103,0.12849133065123475,0.36866356655106625,0.5081954351942457,18,0.9,MarketRelAmt
-0.07894774153207607,-0.3225812177225773,0.10134530074890957,0.3403616787894084,0.473094994692814,19,0.9,MarketRelAmt
-0.11959921898061943,-0.37541804071316776,0.07219146212689598,0.3067600755754345,0.43702767894306227,20,0.9,MarketRelAmt
1.0,0.0,0.0,0.0,0.0,0,0.95,MarketLSI
0.8539047562472133,-0.039006627189603904,-0.29384622301647356,-0.06441061139979354,-0.011152446205159094,1,0.95,MarketLSI
0.7195657039824452,-0.0737559451179669,-0.30861332679476305,-0.12388876671978954,-0.020695045685001856,2,0.95,MarketLSI
0.5983416964289117,-0.10427702205113087,-0.3004836243652069,-0.1782813192699907,-0.029545463287261375,3,0.95,MarketLSI
0.4893244298421786,-0.13075906778753232,-0.2911180600640302,-0.22785803922138248,-0.03771849270875627,4,0.95,MarketLSI
0.3915312897929817,-0.15337081620290482,-0.28216592555071385,-0.27286980671762584,-0.04514963524619109,5,0.95,MarketLSI
0.3040812336370462,-0.17224862954028586,-0.2735771974491099,-0.3135154962056095,-0.05176556730000925,6,0.95,MarketLSI
0.2261994756338459,-0.1874987826318737,-0.26516509462420457,-0.3499434159605621,-0.05749035820546844,7,0.95,MarketLSI
0.15720844581235127,-0.19920076405111375,-0.25673881214001026,-0.3822554094736401,-0.06224624927937805,8,0.95,MarketLSI
0.0965183691702225,-0.20741049806709277,-0.24811433250762516,-0.41051093949183404,-0.06595401565877035,9,0.95,MarketLSI
0.04361851673943207,-0.2121634186357344,-0.23911496538610066,-0.4347309657941345,-0.06853334028688662,10,0.95,MarketLSI
-0.0019308611691624122,-0.21347741174963986,-0.22957114030614534,-0.4549016368871124,-0.0699032372506383,11,0.95,MarketLSI
-0.040505990424436256,-0.21135564728678702,-0.21932025875013572,-0.4709778304087564,-0.06998252806439442,12,0.95,MarketLSI
-0.07242648802144025,-0.20578931961744473,-0.20820666812148758,-0.4828865752551623,-0.06869037146499579,13,0.95,MarketLSI
-0.09796180085951356,-0.1967603139096301,-0.19608175703528463,0.0,-0.06594684683298002,14,0.95,MarketLSI
-0.1314397834082035,-0.01646256122041123,-0.11617420312226123,0.0,-0.08439552457562893,15,0.95,MarketLSI
0.0,0.0,-0.008278873180372237,0.0,-0.08273410813167903,16,0.95,MarketLSI
0.0,0.0,-0.028590116785180975,0.0,-0.08115683487662828,17,0.95,MarketLSI
0.0,0.0,-0.029719544849086788,0.0,-0.07953683216549301,18,0.95,MarketLSI
0.0,0.0,-0.02926538109912613,0.0,-0.07794312037541928,19,0.95,MarketLSI
0.0,0.0,-0.028690541056399788,0.0,-0.07638083975756782,20,0.95,MarketLSI
0.0,1.0,0.0,0.0,0.0,0,0.95,CrossStress
0.22521333982760794,1.1860842529413045,0.5421326819275798,0.20842931906064174,0.10912937401282718,1,0.95,CrossStress
0.46091923266333196,1.3810546593852593,0.6863158955668409,0.43579306527082806,0.22242987673671216,2,0.95,CrossStress
0.7040084432918396,1.5843517378667178,0.80365814547145,0.6818397258251164,0.3412144557918132,3,0.95,CrossStress
0.954687517157311,1.795582950200301,0.9255372273160889,0.9468792693317305,0.4654369018424396,4,0.95,CrossStress
1.2132829150549593,2.0142512590572594,1.0542730269519547,1.2311266908445173,0.5948807745060105,5,0.95,CrossStress
1.4799673655417012,2.2397284796012853,1.1896461146605386,1.5346376110835087,0.7292575908651793,6,0.95,CrossStress
1.7547351394381923,2.471249627540664,1.3311574513859363,1.8572940783094247,0.8682119893099982,7,0.95,CrossStress
2.037398136702006,2.7079092327305765,1.4782172598655845,2.198794405034282,1.0113190766572662,8,0.95,CrossStress
2.3275834269432902,2.9486580704685323,1.630157351111372,2.558643193679365,1.1580812652946606,9,0.95,CrossStress
2.6247307053921167,3.1923002566852574,1.7862286614956906,2.9361413226980657,1.3079252583980319,10,0.95,CrossStress
2.928089646830469,2.639383808304961,1.9455978466960246,2.2971579254469274,1.4601992755366777,11,0.95,CrossStress
2.5987327655672354,1.9700647951560342,1.5343196998397088,1.401454897530737,1.5749335024527702,12,0.95,CrossStress
1.8720770197434913,1.2784027383078254,1.151638997398246,0.44240073232644583,1.6611047235222798,13,0.95,CrossStress
1.1079485015903163,0.567457504604862,0.8576878574698243,0.0,1.7240726706031069,14,0.95,CrossStress
0.292101410799952,0.0,0.6339024590268689,0.0,1.7383374398599063,15,0.95,CrossStress
0.0,0.0,0.5525045890028046,0.0,1.7003036482117082,16,0.95,CrossStress
0.0,0.0,0.6188468484616134,0.0,1.6665285512321217,17,0.95,CrossStress
0.0,0.0,0.6128789490550304,0.0,1.6331493856682178,18,0.95,CrossStress
0.0,0.0,0.6011292689945504,0.0,1.2292326155465316,19,0.95,CrossStress
0.0,0.0,0.4638945101874672,0.0,0.7687004525461614,20,0.95,CrossStress
0.0,0.0,1.0,0.0,0.0,0,0.95,IndexRet
0.007927703929058616,0.00024318656166144592,0.08180538138729743,0.0009038426712209002,-0.0035565441653555574,1,0.95,IndexRet
0.007343150978648627,-0.0001835237139022894,0.0034172971182748757,0.00011495061124089379,-0.0038846926258753744,2,0.95,IndexRet
0.006139575574030887,-0.0006189353293521993,-0.003272702927770599,-0.0007660398514280908,-0.003931416284452038,3,0.95,IndexRet
0.004984706204611555,-0.0010066573401334988,-0.003837796483538103,-0.0016028010955420058,-0.003946757426220082,4,0.95,IndexRet
0.003930367091466103,-0.0013416304883693275,-0.0038737021105039737,-0.0023834619382145927,-0.00395047427385653,5,0.95,IndexRet
0.0029766721938013774,-0.0016229091016972674,-0.003855718805606312,-0.0031062584273517935,-0.003942629723684421,6,0.95,IndexRet
0.0021201112240039066,-0.0018496627489641426,-0.0038220310091303666,-0.0037698082527861665,-0.00392157485204625,7,0.95,IndexRet
0.001357579361755512,-0.0020208672449588683,-0.0037735366481195243,-0.004372316439873458,-0.0038854900369602596,8,0.95,IndexRet
0.0006866503611790975,-0.002135310398413637,-0.0037079838733058423,-0.004911543183650835,-0.003832523255546949,9,0.95,IndexRet
0.00010553288202164168,-0.0021916245992557037,-0.0036228892852472327,-0.005384836763154155,-0.0037608095483530057,10,0.95,IndexRet
-0.0003869968943366331,-0.00218832183769635,-0.003515792533330675,-0.005789172360390893,-0.003668481285312275,11,0.95,IndexRet
-0.0007916618927472641,-0.0021238292198333397,-0.003384285064221615,-0.006121192038960999,-0.0035536786061269865,12,0.95,IndexRet
-0.0011087484195861919,-0.0019965249400080154,-0.0032260211022396845,-0.0063772457573829655,-0.0034145608439599684,13,0.95,IndexRet
-0.0013381683900952623,-0.0018047748093863447,-0.0030387285874100556,0.0,-0.003249319005380613,14,0.95,IndexRet
-0.0016679285863316906,0.0,-0.0019300523381895474,0.0,-0.003359751920500642,15,0.95,IndexRet
0.0,0.0,-0.0008012883518837555,0.0,-0.0032714302820906482,16,0.95,IndexRet
0.0,0.0,-0.0011692659156459229,0.0,-0.003207376989736943,17,0.95,IndexRet
0.0,0.0,-0.0011777581399092796,0.0,-0.003143213308408832,18,0.95,IndexRet
0.0,0.0,-0.0011568052858033084,0.0,-0.0030802198288029103,19,0.95,IndexRet
0.0,0.0,-0.0011338384688706071,0.0,-0.003018479380950012,20,0.95,IndexRet
0.0,0.0,0.0,1.0,0.0,0,0.95,IndexRV
-0.028749609769199935,-0.0960857429186035,0.13583248893648037,0.9229464732307733,-0.04632115390642966,1,0.95,IndexRV
-0.07299689378810731,-0.20274075898183924,0.07720684189180993,0.8294373947673458,-0.09885474408975942,2,0.95,IndexRV
-0.13410765199252794,-0.3199607586385782,-0.0028336948051554955,0.7187781302565753,-0.157011287427055,3,0.95,IndexRV
-0.2118381931113209,-0.4475626777883306,-0.0896250656382529,0.5906280735153735,-0.2207798886832082,4,0.95,IndexRV
-0.3058128373732445,-0.5853023056497597,-0.18198262422876033,0.4447095977660953,-0.2901689726291148,5,0.95,IndexRV
-0.41563866288598517,-0.7328779044760645,-0.2798280106520168,0.2807934526147817,-0.36515569885426147,6,0.95,IndexRV
-0.5409043185881728,-0.8899242525902427,-0.3831301251110317,0.0987078458297046,-0.4456787673940006,7,0.95,IndexRV
-0.681169324785309,-1.0560060465691365,-0.4918119523878506,-0.101650378214174,-0.5316349092635939,8,0.95,IndexRV
-0.8359529313246332,-1.2306114499477023,-0.605739804267007,-0.320304322359271,-0.6228756911400903,9,0.95,IndexRV
-1.0047233004107938,-1.4131458843092006,-0.724719587307789,-0.5571855640362067,-0.7192043671267125,10,0.95,IndexRV
-1.1868870799126343,-1.602926103603124,-0.8484936895552182,-0.812122670902756,-0.820372777178815,11,0.95,IndexRV
-1.3817793805030014,-1.7991745916977333,-0.9767379708353516,-1.084829744467675,-0.9260783162141326,12,0.95,IndexRV
-1.5886541725071668,-2.0010143268036806,-1.1090588457443298,-1.3748950376201945,-1.0359610016908927,13,0.95,IndexRV
-1.8066751252469082,-2.2074639602392363,-1.2449904930431703,-1.103108499981455,-1.1496006694141756,14,0.95,IndexRV
-2.0515432023024314,-2.2581203237574012,-1.3053912395728036,-0.3448971100311029,-1.293318583587955,15,0.95,IndexRV
-1.7495759359496423,-1.731680037850051,-1.2113391128683002,0.0,-1.4720513823612595,16,0.95,IndexRV
-1.1214372524204679,-1.1547820954785344,-1.0204292965005166,0.0,-1.6096684703526627,17,0.95,IndexRV
-0.4425543872400546,-0.48549781215592525,-0.9230620952181479,0.0,-1.6894387031058802,18,0.95,IndexRV
0.0,0.0,-0.7786561236613929,0.0,-1.7025954768830855,19,0.95,IndexRV
0.0,0.0,-0.6381204789109205,0.0,-1.6679731853607116,20,0.95,IndexRV
0.0,0.0,0.0,0.0,1.0,0,0.95,MarketRelAmt
0.02914787073610725,0.026930088313716016,0.3373803264160147,0.09369936821872957,0.9812915239929685,1,0.95,MarketRelAmt
0.05953791015021631,0.04830953390992754,0.3774300886232591,0.1824664238077648,0.9600066777922336,2,0.95,MarketRelAmt
0.0874481221978155,0.06338923302357324,0.38824323431243757,0.26493414901354406,0.9368600096690135,3,0.95,MarketRelAmt
0.11171706682302696,0.07164165859702787,0.3924942610736779,0.3402337279461647,0.911622293795378,4,0.95,MarketRelAmt
0.13143223208417187,0.07256924483506078,0.3918980102358445,0.40752716286606594,0.8839835787119146,5,0.95,MarketRelAmt
0.14573101367685837,0.06569002043782435,0.38637475771314156,0.4659686025579699,0.8536283074885753,6,0.95,MarketRelAmt
0.15378277136747265,0.050538730999309944,0.3756888054938252,0.5147028360036536,0.8202433140529803,7,0.95,MarketRelAmt
0.1547870263259501,0.026669628746324392,0.35959090157568463,0.5528675220991981,0.7835202345727241,8,0.95,MarketRelAmt
0.1479736853523228,-0.006340262950760511,0.3378330492198036,0.5795962998091584,0.7431575884651433,9,0.95,MarketRelAmt
0.13260405620087035,-0.04888752553782183,0.3101725468887908,0.5940225330241242,0.6988629774922117,10,0.95,MarketRelAmt
0.10797251921561024,-0.10133838608749457,0.2763752357016047,0.5952836665276262,0.6503554400452627,11,0.95,MarketRelAmt
0.07340881554498146,-0.16402444092722313,0.23621880626625114,0.5825261873907319,0.5973679614825538,12,0.95,MarketRelAmt
0.028280920903674733,-0.23723808106884903,0.18949623603132526,0.44240073232644583,0.5396501370824214,13,0.95,MarketRelAmt
-0.02476689362377371,-0.3104169897371367,0.12073678490235729,0.0,0.4821825965695403,14,0.95,MarketRelAmt
-0.07604685378067977,-0.13928582078973228,0.011546303544283099,0.0,0.4391328889985706,15,0.95,MarketRelAmt
0.0,0.0,0.09593403237191644,0.0,0.416524250956555,16,0.95,MarketRelAmt
0.0,0.0,0.1483750078541144,0.0,0.4083905233780962,17,0.95,MarketRelAmt
0.0,0.0,0.14992080218835824,0.0,0.4002224568015107,18,0.95,MarketRelAmt
0.0,0.0,0.14729151151562192,0.0,0.39220170461667614,19,0.95,MarketRelAmt
0.0,0.0,0.14437037739913894,0.0,0.384340359670051,20,0.95,MarketRelAmt
