date,MarketLSI_daily_mean,Stress_H5_daily_rate,Stress_H10_daily_rate,row_count
2023-05-15,2.0843563492917703,0.14664504994508656,0.14664504994508656,19121
2023-05-16,1.26740787996589,0.08563955009155114,0.0792048129741041,19115
2023-05-17,1.055189034182813,0.083834842220943,0.0735778952326129,19109
2023-05-18,1.214736109679001,0.09651278297694359,0.0998588382914205,19127
2023-05-19,1.4716651622565233,0.11325591127851015,0.12078886796400921,19116
2023-05-22,1.7676153341234218,0.11109367644751295,0.10445106961661174,19119
2023-05-23,0.9305216779795805,0.06783118037759532,0.06422258250091523,19121
2023-05-24,1.3415254350580215,0.0930767621836436,0.09610960050198704,19124
2023-05-25,2.0299565507949677,0.13287993722207692,0.13628040805650013,19115
2023-05-26,2.102330026850098,0.13426119715362075,0.13666806195060696,19112
2023-05-29,1.441617506335563,0.09430409540247921,0.0880276165071395,19119
2023-05-30,1.8619612060133477,0.1311123895193766,0.12807907536216726,19121
2023-05-31,1.735937851349209,0.12284922336697872,0.11756707285183829,19121
2023-06-01,1.5831982540636758,0.09976470588235294,0.09767320261437909,19125
2023-06-02,0.9515230147947371,0.06992677824267783,0.06370292887029289,19120
2023-06-05,1.2354133323685816,0.0848637053314498,0.07910846021032805,19113
2023-06-06,1.6130036005695798,0.10148035779672543,0.10158497672228906,19117
2023-06-07,2.2532031671236776,0.13741695872783385,0.12622273369252499,19117
2023-06-08,2.681357486329006,0.170180486528904,0.17373790217106985,19115
2023-06-09,1.6394863479069735,0.10279884907140989,0.10264190426366727,19115
2023-06-12,1.4175925089623127,0.09929374836515825,0.09730578080041852,19115
2023-06-13,1.9296099751883142,0.09932527851875098,0.09770385480412155,19119
2023-06-14,0.8434282804068407,0.06805105136520556,0.05664818495658542,19118
2023-06-15,1.1356865632296351,0.08981064964954494,0.08562611151794121,19118
2023-06-16,0.36530950774589316,0.05193514644351464,0.05041841004184101,19120
2023-06-19,0.9416232452221933,0.06845876261701794,0.0635950002614926,19121
2023-06-20,1.234455683282197,0.07552301255230126,0.0694560669456067,19120
2023-06-21,1.8472506503876573,0.09727016002510197,0.10276121744587387,19122
2023-06-26,2.5186299568604364,0.14297667607990797,0.13952515427256562,19122
2023-06-27,1.8059430379834818,0.1206716183701224,0.12229312689611885,19118
2023-06-28,2.392194013328385,0.14140727177609208,0.13063039497776616,19115
2023-06-29,1.5417822868173365,0.11394789159778174,0.11530815109343936,19114
2023-06-30,1.2445796034860366,0.09457340025094103,0.0901819322459222,19128
2023-07-03,0.9139845238551755,0.07475169890224778,0.07135389440669106,19130
2023-07-04,1.13253813122232,0.08391279343336644,0.08171694463324097,19127
2023-07-05,1.414391909561203,0.10415358861686545,0.10880937434609751,19116
2023-07-06,1.180943616253846,0.0853167337971439,0.08139352408850761,19117
2023-07-07,1.7509925432973779,0.11861924686192468,0.11103556485355648,19120
2023-07-10,1.4573036068304752,0.10321736855872352,0.10206643996861103,19115
2023-07-11,1.4277800585074563,0.10103017308999634,0.10322648120064844,19123
2023-07-12,1.40232231024554,0.09331031957738375,0.08954443224017992,19119
2023-07-13,0.363388034144484,0.05308022173412823,0.05145905240037653,19122
2023-07-14,0.5052027771922708,0.05545963480353686,0.05451786742008057,19113
2023-07-17,1.3113882533518653,0.10294502275461631,0.09771407647643458,19117
2023-07-18,1.220604678366476,0.09373855730501647,0.09321546267719831,19117
2023-07-19,1.726427224172131,0.11168070303917979,0.10906522990008892,19117
2023-07-20,1.3383158723071085,0.08130166370199854,0.08240033483310662,19114
2023-07-21,1.7950522629039392,0.11443671184134792,0.11009366333525195,19111
2023-07-24,1.7805480796384592,0.13586899654703358,0.13743852673433085,19114
2023-07-25,0.26312949851886663,0.050991056953088226,0.05188013179227028,19121
2023-07-26,0.9551024894834292,0.05127131945171079,0.04703358794600816,19114
2023-07-27,0.4944272623985864,0.04934072833821683,0.04431770615320218,19112
2023-07-28,0.9943917342005362,0.09496184801923278,0.09313264346190028,19134
2023-07-31,0.845494590669455,0.09403585803146725,0.09654487481051696,19131
2023-08-01,0.9058936425157562,0.07148086174440493,0.07210834553440702,19124
2023-08-02,0.8905716435679645,0.06888075313807532,0.06521966527196653,19120
2023-08-03,1.4949563585464598,0.09308162945144591,0.09229723369764159,19123
2023-08-04,1.5644848189345057,0.12508497620666215,0.12581707891021282,19123
2023-08-07,1.0813337076769114,0.08163372032214204,0.07990795941847087,19122
2023-08-08,1.8289759078796604,0.1164896122246062,0.11376838139096761,19109
2023-08-09,1.261691976254085,0.07786906693181224,0.07410120885446649,19109
2023-08-10,1.4098071065750455,0.10175787380977294,0.09244532803180915,19114
2023-08-11,1.290131208293053,0.09298071394972038,0.08953117650133277,19133
2023-08-14,1.9934209590072425,0.12061300277211151,0.1141796119043883,19119
2023-08-15,2.3615209292630803,0.1507666544560155,0.1416086660735779,19109
2023-08-16,1.9939056471818168,0.1258631512868801,0.12502615609960244,19116
2023-08-17,2.350236392924715,0.15016475757100267,0.14770647000366127,19119
2023-08-18,1.8989546978349163,0.1319629687745175,0.12155447460641247,19119
2023-08-21,2.9108862425736866,0.16752065251490117,0.16694551918853917,19126
2023-08-22,3.17168685736809,0.21670417080956617,0.21550054947930294,19109
2023-08-23,2.3686919217055133,0.14990323761703017,0.14577122234426487,19119
2023-08-24,2.952959435539155,0.14615263901239733,0.1427002144687974,19117
2023-08-25,3.0955210613330237,0.2055346306758736,0.21474157773592803,19116
2023-08-28,3.789161650038911,0.2543144022591779,0.25274552871038597,19122
2023-08-29,1.035924991012528,0.06557976694361707,0.06411663270105032,19137
2023-08-30,0.8623856646344831,0.05992470194519975,0.05642125078435474,19124
2023-08-31,1.137892136938085,0.06032543295139434,0.05681996546852927,19113
2023-09-01,0.7759729683098094,0.06304893350062735,0.06174194897532413,19128
2023-09-04,0.26436794164150706,0.039270027190964236,0.037073833925956916,19124
2023-09-05,0.6832085358601848,0.05679025257543272,0.05595356377137478,19123
2023-09-06,1.1089202555935136,0.06354602510460251,0.05407949790794979,19120
2023-09-07,1.0786291916998545,0.07219083490269931,0.07030759573132454,19116
2023-09-08,1.6248996077692006,0.10150159577251086,0.10076911002982264,19113
2023-09-11,1.246503844908342,0.06968349463771907,0.06879414072717761,19115
2023-09-12,0.8734863455533136,0.06791544579321893,0.06341565508580996,19112
2023-09-13,1.3310855788751612,0.07151083656161658,0.0630823997487174,19102
2023-09-14,0.34823051567399615,0.03259220507454878,0.025425058854302903,19115
2023-09-15,0.8221387217679058,0.04238840337013972,0.03453869904233607,19109
2023-09-18,1.3286496727059012,0.07139494743448925,0.06564150844709452,19119
2023-09-19,1.0827732603446922,0.05877427120950437,0.05312189250013084,19107
2023-09-20,1.1630640779699264,0.05975616137303124,0.052168907958767205,19111
2023-09-21,0.8106636838105344,0.04698127027309825,0.043371350842314534,19114
2023-09-22,0.7952948973537274,0.04681696918972642,0.039232097086362924,19117
2023-09-25,0.6396512330969694,0.03477306002928258,0.03315206023844384,19124
2023-09-26,0.7555202819671607,0.044947935743812464,0.04128512375071948,19111
2023-09-27,1.0177532994900296,0.061371841155234655,0.0536284204468163,19113
2023-09-28,0.506920732848905,0.05384615384615385,0.04882260596546311,19110
2023-10-09,1.87184226775755,0.11012235817575083,0.1104401716192595,18879
2023-10-10,0.9360573108425377,0.056208942572578934,0.05107014197923289,18876
2023-10-11,0.8504820874466723,0.05634101138469685,0.05374635954461213,18885
2023-10-12,1.196009063919686,0.08048961424332345,0.08483467571004663,18872
2023-10-13,0.7504897146857012,0.06188407332838826,0.05436049592031366,18874
2023-10-16,0.9769937342459801,0.060126079355829844,0.05763627695078667,18877
2023-10-17,1.4397575800981954,0.06804812125708834,0.05585881604748529,18869
2023-10-18,1.6975380145528947,0.06722110393050111,0.06303633859519017,18878
2023-10-19,1.758985233562867,0.08199152542372881,0.07960805084745763,18880
2023-10-20,2.024369223596224,0.10411481226500026,0.0979717205952444,18883
2023-10-23,3.069774132489549,0.1917576014408306,0.1860366564254688,18878
2023-10-24,2.6962502951440857,0.14658049478200985,0.13746887746993697,18877
2023-10-25,1.2353342117414583,0.06623218354262703,0.06919938536533672,18873
2023-10-26,1.9461471190119035,0.10276114261487095,0.09459960782235413,18869
2023-10-27,1.9107435303807205,0.1123232537202775,0.10660382354498756,18883
2023-10-30,0.9706519771917806,0.054534865251231,0.052205220522052204,18887
2023-10-31,0.7305033530074634,0.05590292496820687,0.05102797795676134,18872
2023-11-01,1.0509629052783829,0.04953447013285909,0.043153049482163405,19118
2023-11-02,1.660773296374673,0.05436659515462299,0.051593323216995446,19111
2023-11-03,1.171615700458771,0.05789748953974896,0.049163179916317995,19120
2023-11-06,0.11874534343982514,0.03854804121554475,0.03619436162979235,19119
2023-11-07,0.6787665624652,0.030190456257848473,0.026475512766848053,19112
2023-11-08,0.8440634065408741,0.06135899984307161,0.04927551394047183,19117
2023-11-09,1.001912387579148,0.06580186211946856,0.060205042368448584,19118
2023-11-10,1.1394116654596183,0.06578740775631968,0.057256502852357775,19107
2023-11-13,0.9741878982160058,0.0692054192603442,0.06271904587539887,19117
2023-11-14,0.7209570748409233,0.06062666736412617,0.055604958937071715,19117
2023-11-15,0.43647487259814244,0.0589004550923262,0.053512580425799025,19117
2023-11-16,1.0792911190728607,0.08093543999162917,0.08250497017892644,19114
2023-11-17,1.3461929118930838,0.07792479472830918,0.06960933005595941,19121
2023-11-20,1.0244645806068635,0.06336001674253126,0.058860461466017894,19113
2023-11-21,0.28201644936721604,0.027049652069272224,0.023962747867943286,19113
2023-11-22,1.3332321650657917,0.08916431335634348,0.09120384896977303,19122
2023-11-23,1.8448468461194039,0.11622187336473051,0.11789638932496076,19110
2023-11-24,1.34665921375119,0.08888424134685768,0.08323747777893967,19126
2023-11-27,1.1707897185404827,0.0682222454745213,0.06215339541697185,19114
2023-11-28,1.3518544520814155,0.0746010986136542,0.07083442322783155,19115
2023-11-29,1.039577220121061,0.0476539205942355,0.04331223518334467,19117
2023-11-30,1.1185183458011398,0.055067001675041874,0.042504187604690116,19104
2023-12-01,1.5059346562258609,0.09453803494820551,0.08888772627393533,19114
2023-12-04,1.3884619359317742,0.071069709022399,0.06280092108017585,19108
2023-12-05,1.1654832832301238,0.06835059094237005,0.060192448488651816,19122
2023-12-06,1.5239799524119695,0.07412638627327893,0.05974053149194392,19116
2023-12-07,2.429932711753541,0.09045725646123261,0.08449304174950298,19114
2023-12-08,1.5877071752658296,0.050125575554625365,0.04499790707408958,19112
2023-12-11,2.020148038212344,0.11874869219501988,0.10818162795563925,19116
2023-12-12,1.216594330411758,0.06064252825449979,0.0488698200083717,19112
2023-12-13,1.324167267332756,0.07770340932859235,0.07644844174858816,19124
2023-12-14,2.2957602747116512,0.14215481171548117,0.1430439330543933,19120
2023-12-15,1.9034512562758792,0.09628466771323914,0.09110413396127681,19110
2023-12-18,2.6774193939279667,0.15801590623691922,0.15027208036835496,19112
2023-12-19,2.8352689661809114,0.15000523395791898,0.13540249136396942,19106
2023-12-20,2.4654162236229062,0.13552404374444038,0.13238449060750354,19111
2023-12-21,2.8304732737280056,0.16656200941915228,0.16216640502354787,19110
2023-12-22,3.0768669177580925,0.1801768800041865,0.17237950703856822,19109
2023-12-25,2.5211351923820207,0.1325484039769754,0.1228152799581371,19110
2023-12-26,2.743840907824018,0.1557952046906083,0.14799497434823577,19102
2023-12-27,2.1279658903288525,0.10269562941638315,0.09589112797696937,19105
2023-12-28,1.419741940725494,0.08053972072590346,0.07567595837037812,19121
2023-12-29,1.0795914624467315,0.039081301663702,0.03411112273726065,19114
2024-01-02,0.5797861127370736,0.04054407533350771,0.02804080565001308,19115
2024-01-03,1.2900465899928106,0.057798021046018534,0.053609758651379506,19101
2024-01-04,1.0406004149420887,0.04840397697540555,0.038618524332810045,19110
2024-01-05,1.3649536601781018,0.07573537108761645,0.0649534177745211,19106
2024-01-08,2.326282678463272,0.14144960955924743,0.13411246790000525,19081
2024-01-09,2.775717268499607,0.15015439367770975,0.13649447846339038,19107
2024-01-10,3.079173525068982,0.18272147264930447,0.17817173935780775,19122
2024-01-11,2.078246707027382,0.1017215216367537,0.09743079901627336,19111
2024-01-12,1.9726130399892359,0.09958679847272348,0.09780846278571055,19119
2024-01-15,2.1776310439707807,0.10515021459227468,0.10284727310792421,19106
2024-01-16,2.038348062364517,0.11436934817834928,0.10543097590298468,19131
2024-01-17,2.4190545542818853,0.13456409183620102,0.12917734428115685,19121
2024-01-18,5.511731233384079,0.37688967934299317,0.38609614479259297,19117
2024-01-19,3.0443415025535567,0.1880825217300241,0.18336998638600902,19098
2024-01-22,5.348079314142837,0.3138178203317114,0.32496206770261077,19113
2024-01-23,3.460310069833976,0.21516007532956685,0.19083490269930947,19116
2024-01-24,4.483964072863004,0.29905369373137447,0.29983792544570503,19127
2024-01-25,1.7100942160229202,0.10199707235466332,0.09875575073191134,19128
2024-01-26,2.585189239623454,0.1454573983994979,0.14153459908991056,19119
2024-01-29,2.8601676538308896,0.16191621777103707,0.1572616494953193,19121
2024-01-30,3.6527092064028692,0.23054800250993515,0.2356201631457854,19124
2024-01-31,4.886950591682953,0.35204562101077747,0.3622998849011196,19114
2024-02-01,3.970551061289709,0.2740306629689708,0.27261786405734917,19111
2024-02-02,8.764640375441877,0.38684719535783363,0.3853311725652151,19129
2024-02-05,9.714175291566306,0.5837600585223116,0.6000104504127913,19138
2024-02-06,4.673487875092283,0.3038795357105511,0.3161141901077068,19126
2024-02-07,3.254567951783398,0.2066603931409452,0.2099017147636972,19128
2024-02-08,2.941812521644398,0.16068161622497518,0.15519314202080392,19131
2024-02-19,1.5258620329095247,0.0917839025155588,0.09507870927252758,19121
2024-02-20,1.340526410156053,0.056192120546225084,0.05148328362894365,19113
2024-02-21,1.9873058163280293,0.11869281045751634,0.12193464052287582,19125
2024-02-22,1.0621182434261947,0.048281634147617304,0.04195218915101742,19117
2024-02-23,0.7740920256158738,0.03902490060682151,0.037089349236241895,19116
2024-02-26,0.5296622627269088,0.04047270445513491,0.03451160845011504,19124
2024-02-27,0.45668136365683465,0.037068019030689604,0.0343493490876771,19127
2024-02-28,2.203992524754877,0.11168043500993412,0.103158004810206,19126
2024-02-29,1.254906749022105,0.06601505331381978,0.06747856993518712,19132
2024-03-01,0.894278288293438,0.04850355797404772,0.04081205525324404,19112
2024-03-04,0.9288021119477782,0.06389876594854633,0.061179669525203935,19124
2024-03-05,1.3739394014203272,0.07478833490122296,0.07421344204034702,19134
2024-03-06,1.106744733418826,0.05334449035092307,0.04926520579467601,19121
2024-03-07,0.9035502191483615,0.05636677657403046,0.052022818862197104,19107
2024-03-08,1.3947372952803738,0.06910803034266283,0.06209782893015956,19115
2024-03-11,1.1420592708470794,0.08400020921596318,0.08923060829541293,19119
2024-03-12,0.6415913346932858,0.054602510460251046,0.0551255230125523,19120
2024-03-13,0.21755824660628884,0.025312483656712514,0.022488363579310704,19121
2024-03-14,0.858085636763151,0.04672701585474334,0.04552352048558422,19111
2024-03-15,0.744564773417938,0.05011770860580696,0.04656029296364112,19115
2024-03-18,0.4082362476993617,0.03729469609791819,0.03352861177947484,19118
2024-03-19,0.3247803804333322,0.024786905820216493,0.024054803116665795,19123
2024-03-20,0.5137409447536206,0.02882703777335984,0.02746677827770221,19114
2024-03-21,0.7815434224636055,0.03542462456177071,0.0305583171995186,19111
2024-03-22,0.7445463522447536,0.041694968389153035,0.037724019018757514,19139
2024-03-25,0.8731016862428365,0.0439876562581725,0.039227993095873215,19119
2024-03-26,1.4590838043552021,0.07052053361234632,0.06926497515040544,19115
2024-03-27,1.2560736879182999,0.06426291276361924,0.056884190695483804,19109
2024-03-28,1.2144439584845068,0.055238792697598994,0.051524820840089976,19117
2024-03-29,1.1593382222078297,0.05775568924928067,0.05885430290347894,19115
2024-04-01,0.06903621853484912,0.04351236859996862,0.043041681920401656,19121
2024-04-02,0.301826591663393,0.03206905571540675,0.028720899816897724,19115
2024-04-03,0.7300699828251166,0.043532858936793636,0.04117831728756802,19112
2024-04-08,0.6827867310269716,0.04325540038704953,0.037083529473298814,19119
2024-04-09,1.0875310134330631,0.060999215275961284,0.05864504315982213,19115
2024-04-10,0.998289910850612,0.05236150382238978,0.04492617027961043,19098
2024-04-11,1.4805494106570665,0.07246755964838844,0.06388656341565509,19112
2024-04-12,0.9967055940976703,0.055137057961916716,0.05314919439213225,19116
2024-04-15,1.373049037375269,0.08402614379084967,0.07644444444444444,19125
2024-04-16,2.003502836191173,0.1083921568627451,0.09762091503267974,19125
2024-04-17,0.9280726972944824,0.04775354359537633,0.04791045556775982,19119
2024-04-18,1.0785295368223362,0.06266673641261704,0.06005126327352618,19117
2024-04-19,1.3687964561983081,0.07005336402636811,0.0636182902584493,19114
2024-04-22,1.150699364799475,0.054721422966256865,0.04818205597698143,19115
2024-04-23,1.299623925133763,0.06013071895424837,0.05427450980392157,19125
2024-04-24,0.9647043899050355,0.04411072157396264,0.03872115535555439,19111
2024-04-25,1.153586317952637,0.052240757203367676,0.04183444020289703,19123
2024-04-26,0.24594037257621512,0.04245307680242589,0.04036179223087782,19127
2024-04-29,0.20602912396679662,0.054475115014638226,0.05604349644500209,19128
2024-04-30,-0.03345652957694501,0.02981639378563582,0.029345608620599466,19117
2024-05-06,-0.8539485278157619,0.020648030495552732,0.017736128759000422,18888
2024-05-07,-0.43127113852224463,0.01779284049989409,0.019063757678457954,18884
2024-05-08,-0.23988045340436312,0.01418664972738341,0.012016304060134455,18891
2024-05-09,-0.33040963574884463,0.013766082490602,0.0122306348281887,18887
2024-05-10,-0.08653161000324512,0.024471635150166853,0.023518194819640872,18879
2024-05-13,0.18227158077294242,0.027907223045964838,0.02758949375132387,18884
2024-05-14,0.07355887766439763,0.019967162756209945,0.01843122715957841,18881
2024-05-15,0.22108654765756083,0.03194532739987285,0.029826234371688916,18876
2024-05-16,0.16611913127951156,0.028808981623682676,0.026743631838161308,18883
2024-05-17,0.6643867486271029,0.04135776318576573,0.04082821436136412,18884
2024-05-20,-0.4178698192476747,0.02234932740175829,0.022084524944391483,18882
2024-05-21,0.22006764967541262,0.03199321997987181,0.03066899729858573,18879
2024-05-22,0.2749452973293894,0.04438089185467641,0.04644635102213748,18882
2024-05-23,0.004902046849110359,0.017532708300227767,0.01790349065098787,18879
2024-05-24,0.4457900394732344,0.03549104778048522,0.03225977328106791,18878
2024-05-27,0.5440242015625196,0.03204109734138333,0.029551954242135366,18882
2024-05-28,0.683253892765658,0.04539675813115796,0.04333086132005509,18878
2024-05-29,0.8727302888710566,0.04291390728476821,0.04090066225165563,18875
2024-05-30,1.16431285521279,0.05805392234758197,0.060755336617405585,18879
2024-05-31,0.5392291972178325,0.028887946570550195,0.028622919537792856,18866
2024-06-03,0.6992403086214293,0.033523351289158516,0.03022854453218974,19121
2024-06-04,1.0077773407959423,0.03587115666178624,0.03451160845011504,19124
2024-06-05,0.5822842286261254,0.031799163179916316,0.028347280334728032,19120
2024-06-06,0.9303044898923147,0.046289031853130394,0.04037868089335216,19119
2024-06-07,1.0023310010111308,0.05534920219722731,0.05445984828668585,19115
2024-06-11,0.883692955890363,0.04336227638874359,0.03583010775185689,19118
2024-06-12,0.3650522557168307,0.02907645643761113,0.025520343060349338,19122
2024-06-13,0.8388063201137487,0.034416025942779434,0.033003818191328,19119
2024-06-14,0.8129246752854552,0.05247478179062353,0.05048868447185491,19133
2024-06-17,0.9191581623387963,0.037137775917983055,0.03614394811172717,19118
2024-06-18,0.4031188338212306,0.03044729270206644,0.023646351033219985,19115
2024-06-19,0.7774103757303156,0.041267848736858626,0.03425911397039594,19119
2024-06-20,0.9144254789512055,0.04763647772432546,0.039949801296799835,19124
2024-06-21,1.4241873050588383,0.07508496732026144,0.06494117647058824,19125
2024-06-24,1.5680959026839547,0.07102139009466032,0.06830186705716228,19121
2024-06-25,1.8802671889369176,0.09947150855528229,0.10261106169221915,19111
2024-06-26,1.8189468993013773,0.08709069986400252,0.07992467831363113,19118
2024-06-27,1.3488244678852057,0.06023655013606866,0.04846137743353569,19108
2024-06-28,1.1460094302632737,0.046657600167381526,0.04283920912229313,19118
2024-07-01,1.5532165900016333,0.09256449165402124,0.08215164041651404,19111
2024-07-02,1.2178372559480701,0.059835765468905275,0.053716198545949057,19119
2024-07-03,2.173237523768929,0.11216272746287388,0.10871156661786237,19124
2024-07-04,1.9241383395542595,0.06682365253793825,0.055206698063840924,19110
2024-07-05,2.3070895512304936,0.12758169934640523,0.12329411764705882,19125
2024-07-08,1.379309535617456,0.06915310979756238,0.059789715959617094,19117
2024-07-09,1.9440685158944593,0.093262893608118,0.08583533842452139,19118
2024-07-10,1.339492004674147,0.07380479129616069,0.06501726121979287,19118
2024-07-11,1.4618452683574317,0.06967620442538056,0.06674687450959879,19117
2024-07-12,1.5267942910764172,0.08109803921568627,0.08052287581699347,19125
2024-07-15,1.693872869647607,0.0742465466722478,0.06817706153202177,19112
2024-07-16,1.6739394775444778,0.07823449429975944,0.06829829515741032,19122
2024-07-17,1.272627608349213,0.07535141349218791,0.06866279981188274,19137
2024-07-18,1.6970392188386956,0.06927017984107069,0.059703053115851105,19128
2024-07-19,1.534768495326683,0.08162838156035791,0.07163413740777563,19111
2024-07-22,1.0229731101888326,0.05711297071129707,0.05418410041841004,19120
2024-07-23,0.8722677434714419,0.05318759479106741,0.04722556351655248,19121
2024-07-24,2.694656783644297,0.1776057737566027,0.18189425239265727,19121
2024-07-25,2.9207500189813156,0.17657827292222397,0.1716616977875412,19119
2024-07-26,2.167664503068471,0.13639690506064409,0.13759933082392303,19128
2024-07-29,1.6452006934625432,0.08449746246010569,0.07513210903573483,19113
2024-07-30,2.636032724635325,0.14950044463043363,0.14714651880525187,19117
2024-07-31,0.9150300351693639,0.05704276900554219,0.05604935689637143,19126
2024-08-01,0.7525525260874919,0.043721562679776164,0.0374980388055018,19121
2024-08-02,1.4044511088113125,0.06243131508713172,0.05583756345177665,19109
2024-08-05,3.1664677062345383,0.2025931928687196,0.21425210435510011,19127
2024-08-06,1.8407175045092892,0.10488633394303631,0.10175071857852104,19135
2024-08-07,2.1175529406634355,0.10263653483992467,0.0915463486084955,19116
2024-08-08,2.506073283446942,0.13645876935956466,0.12275010464629552,19112
2024-08-09,2.2352734696067214,0.10968720577466262,0.10858876451511665,19118
2024-08-12,3.0291194670126047,0.16248037676609106,0.14903192046049188,19110
2024-08-13,3.0469370843725563,0.1607787721777359,0.1497880357983985,19107
2024-08-14,2.5612549936161315,0.14211683417085427,0.14133165829145727,19104
2024-08-15,2.025044020062463,0.09695319861794577,0.09548738352005026,19102
2024-08-16,2.4903474213314705,0.12350910232266164,0.11995187277673153,19116
2024-08-19,1.6520767914403014,0.08558865099722557,0.08496047741192483,19103
2024-08-20,1.952755131084651,0.11756403554626242,0.10637741766858337,19130
2024-08-21,2.4714948856509467,0.14012038733315885,0.13310651661868622,19105
2024-08-22,2.457323007307368,0.13270588235294117,0.12465359477124183,19125
2024-08-23,2.6633780469862436,0.14910308038282516,0.14664504994508656,19121
2024-08-26,2.7090760451682185,0.13403787799518677,0.1325206654807994,19114
2024-08-27,3.3978352422621394,0.171539145442184,0.16604780084723603,19121
2024-08-28,2.58965805923531,0.15813977819627537,0.1605461393596987,19116
2024-08-29,1.8193544380597855,0.10177824267782427,0.09848326359832636,19120
2024-08-30,1.3308704575924188,0.07977610378740323,0.08181627955639255,19116
2024-09-02,1.0768564914158463,0.05335007061038757,0.04539986400962393,19119
2024-09-03,2.1800895908718587,0.10332199843055193,0.0939576249019095,19115
2024-09-04,2.209502141570235,0.12640611102391042,0.11855804949510804,19113
2024-09-05,1.8973984019882681,0.10686064158250039,0.09545240462609242,19109
2024-09-06,2.2447899961474964,0.13949668874172186,0.1368476821192053,18875
2024-09-09,2.417930073053124,0.13970860927152318,0.12948344370860926,18875
2024-09-10,3.269003725406602,0.20376158940397351,0.19570860927152317,18875
2024-09-11,3.0946458858826977,0.16815003178639543,0.16438864166136893,18876
2024-09-12,2.7391371514867604,0.16075023842322772,0.1517431387093356,18874
2024-09-13,2.552065900512675,0.15375649041008796,0.15502808095793155,18874
2024-09-18,3.086109323733365,0.19722560491343252,0.1925133689839572,18887
2024-09-19,2.5327313227538615,0.15806759190592223,0.1512872126284564,18878
2024-09-20,2.0091151203408875,0.106999152901313,0.10096357475645913,18888
2024-09-23,2.317134770932105,0.11192962001165933,0.105040012719275,18869
2024-09-24,2.1564701942288353,0.1537973008732469,0.16327070653612066,18895
2024-09-25,1.8390561465428619,0.1264817950889077,0.12388865368331922,18896
2024-09-26,3.0965093075720027,0.20745328463289398,0.2248689852310624,18891
2024-09-27,8.298733985348592,0.42682745273187433,0.4738722644037517,6717
2024-09-30,5.271882925255876,0.3325218311722678,0.3738555173326277,18895
2024-10-08,18.012871569748874,0.5982851698952049,0.6527998306340638,18894
2024-10-09,15.994406570577857,0.669471789986239,0.6998518048057585,18894
2024-10-10,10.278291353632557,0.5600083598934114,0.5915147081874707,19139
2024-10-11,6.070314454158057,0.40518503031570147,0.4331486514739703,19132
2024-10-14,4.57430970407305,0.29206083729681703,0.30857680447394553,19133
2024-10-15,2.2753925732109463,0.16263391690619283,0.1607002874314084,19135
2024-10-16,3.268263985446893,0.19393464052287582,0.1929934640522876,19125
2024-10-17,2.274969603916275,0.12633944906173228,0.12268046625895145,19131
2024-10-18,8.338972778479794,0.36483378632657326,0.376960066903617,19132
2024-10-21,3.197342716840977,0.2135988293090833,0.2264032612104108,19134
2024-10-22,1.542188767976647,0.11169184132127738,0.11780693043432812,19133
2024-10-23,2.4258250179244967,0.13323924520411898,0.1356959908002718,19131
2024-10-24,0.5830484303610088,0.047793348671825976,0.04826396151432755,19124
2024-10-25,1.1747208077645714,0.11235955056179775,0.1237522863862033,19135
2024-10-28,-0.11510070160458793,0.04807189884000418,0.04676559724109102,19138
2024-10-29,-0.051645032573220284,0.043278277231862845,0.0455780890654401,19132
2024-10-30,0.7369265074289448,0.061277841681480705,0.061068702290076333,19126
2024-10-31,1.0873036754107506,0.09245805676057074,0.09820728584121674,19133
2024-11-01,1.5740826576194873,0.12686216089070096,0.13778683811614656,19131
2024-11-04,0.25371033249203817,0.04850512230817479,0.047877900899017355,19132
2024-11-05,1.3532759943435169,0.10519989547948785,0.11580872746276456,19135
2024-11-06,2.741018087951109,0.16158711903392756,0.16885357310889226,19129
2024-11-07,2.4659485521045545,0.1359908050781046,0.1487383104331017,19141
2024-11-08,2.3674879532291593,0.16702377841651425,0.17439247452312517,19135
2024-11-11,1.0156664056337916,0.114718954248366,0.12036601307189543,19125
2024-11-12,1.3394454686240198,0.14892060007317964,0.15958392138414093,19131
2024-11-13,1.4425808258001067,0.11216272746287388,0.12147040368123824,19124
2024-11-14,1.7540487513161478,0.07854005438192847,0.07864463501359548,19124
2024-11-15,2.4932267936544177,0.12692689554266604,0.13575795579244396,19137
2024-11-18,2.6045997425141385,0.17453347969264543,0.1712403951701427,19131
2024-11-19,2.8129428710990845,0.15771864708034922,0.16325997177061008,19129
2024-11-20,0.9054785367482595,0.07531883754965503,0.07328036796989337,19132
2024-11-21,0.9329632875584388,0.06587546400376432,0.068385005489622,19127
2024-11-22,1.4726959802531547,0.10440507916601348,0.1020536134190312,19137
2024-11-25,2.5030150083571874,0.1471879573489442,0.14441772945849884,19132
2024-11-26,1.6713104690727385,0.08406524466750313,0.08103304056879966,19128
2024-11-27,2.194710349906283,0.11063473805291227,0.10671337446408032,19126
2024-11-28,1.21787710435042,0.06574955539282351,0.061408097081284654,19118
2024-11-29,1.898118434205835,0.1049027806815806,0.10903198829186703,19132
2024-12-02,0.1281740722295319,0.046074996077611,0.04555201087809215,19121
2024-12-03,0.2445958452029179,0.053182032107932854,0.0532866182084401,19123
2024-12-04,0.15962512383424005,0.048737122836375046,0.04460597186633896,19123
2024-12-05,0.1795247059841063,0.04200889353910541,0.0432644520010463,19115
2024-12-06,0.27853961737690514,0.05891270256142185,0.06136957658128594,19130
2024-12-09,-0.12123837798919776,0.030637318973179277,0.027970931144455483,19127
2024-12-10,-0.272459601171552,0.029379476187986826,0.028072559987453605,19129
2024-12-11,-0.6094068798677441,0.016258887494772063,0.01584065244667503,19128
2024-12-12,-0.6697019260187697,0.026450601150026138,0.026293779404077365,19130
2024-12-13,-0.8673490671818829,0.01876437382395986,0.018346226217854904,19132
2024-12-16,-0.2470978628184217,0.025509670674333507,0.024046001045478306,19130
2024-12-17,0.32853561703682466,0.037856209150326794,0.0392156862745098,19125
2024-12-18,0.051601905174883125,0.02890445327200502,0.033451808488396406,19132
2024-12-19,0.42673357482596375,0.042067810799497694,0.03741105064880703,19112
2024-12-20,-0.3469985606821172,0.02368132155366198,0.026661090490877726,19129
2024-12-23,0.09449687580092267,0.03592532552423783,0.033049207760288656,19123
2024-12-24,0.13769812917945223,0.02436728717841456,0.021334448860071114,19124
2024-12-25,0.11917019861163057,0.0385942893002824,0.03922183871979919,19122
2024-12-26,-0.5363898520053431,0.02263342219434426,0.023887930583869114,19131
2024-12-27,-0.07764425133035596,0.026714763697197826,0.023578000836470096,19128
2024-12-30,0.0757885553441428,0.03635507663336297,0.034367317047653924,19117
2024-12-31,0.5085209664212006,0.06672244300355575,0.06567663668688559,19124
2025-01-02,1.4833359161983788,0.10352941176470588,0.10520261437908497,19125
2025-01-03,2.2440224990117668,0.14520261437908497,0.15022222222222223,19125
2025-01-06,1.9434786890795681,0.11044838591534557,0.09904253649348611,19113
2025-01-07,1.2265845381077471,0.07088713471692196,0.06858696220398348,19129
2025-01-08,2.1647046132083836,0.1424611683489357,0.14481460174677058,19121
2025-01-09,1.271434544170065,0.0773093419813788,0.07223558949680929,19118
2025-01-10,1.8142473042362226,0.096617347205521,0.09170282846238302,19127
2025-01-13,1.9911075199403976,0.11173885750156937,0.10891399874450722,19116
2025-01-14,0.7899225455265663,0.05545392776877646,0.05304970469868813,19133
2025-01-15,0.8444421115188963,0.06802970089939343,0.06593808826605313,19124
2025-01-16,1.152126798537544,0.07444025946850806,0.07402176187486922,19116
2025-01-17,1.5459519261615178,0.09317159887064728,0.08982536860817734,19126
2025-01-20,0.4272841805081726,0.040683993097317364,0.038226219735397166,19123
2025-01-21,1.0035303099593902,0.0625,0.06093096234309624,19120
2025-01-22,0.6481142417495616,0.059639026942191996,0.05466910803034266,19115
2025-01-23,0.9979864066825088,0.07526544275328208,0.0767822584863225,19119
2025-01-24,0.7287881598952433,0.0485406423266032,0.044356104194999475,19118
2025-01-27,0.31867810327228013,0.03921773687513073,0.03853796276929513,19124
2025-02-05,0.08676262182633977,0.03240982749607946,0.03120752744380554,19130
2025-02-06,-0.021354516078014522,0.04009533898305085,0.04179025423728813,18880
2025-02-07,0.24626076945830366,0.07154953429297206,0.07715918712955122,18896
2025-02-10,-0.387621508126835,0.032568351717287884,0.036384547022844896,19129
2025-02-11,0.6319480130433816,0.03993518373320788,0.04155559040301082,19131
2025-02-12,0.6112396986991172,0.05371057999058627,0.056848491187699385,19121
2025-02-13,-0.08683061117067047,0.042287386963566986,0.047253149338769534,19131
2025-02-14,0.5710746252559699,0.06487871183605186,0.06733584274362192,19128
2025-02-17,0.3105027407211959,0.050951086956521736,0.05100334448160535,19136
2025-02-18,0.241796414135306,0.046827636667711926,0.050590571757081634,19134
2025-02-19,-0.15951695122908288,0.04832130530279259,0.054596799497960466,19122
2025-02-20,0.06339664144548655,0.034553058024046,0.03554626241505489,19130
2025-02-21,-0.006251418629245796,0.06450601150026138,0.06968112911657083,19130
2025-02-24,-0.19547462564580095,0.03826250588050808,0.03763525168574565,19131
2025-02-25,-0.5894283137795403,0.036076545017254,0.03670396319146711,19126
2025-02-26,-0.35699632569521583,0.03914497752691544,0.04086965610954322,19134
2025-02-27,-0.19918580640127473,0.044915032679738565,0.048993464052287584,19125
2025-02-28,-0.06911000378351372,0.045426032409827496,0.04756926293779404,19130
2025-03-03,0.16102948689112867,0.04752692669664331,0.041723308585172016,19126
2025-03-04,0.05844814661657407,0.04381699346405229,0.04303267973856209,19125
2025-03-05,-0.10923446419571392,0.037424210746393474,0.03716286849257788,19132
2025-03-06,-0.7296048776328939,0.025662467987247164,0.02660325092771651,19133
2025-03-07,-0.11234371820255712,0.03946474308713606,0.04150331922011395,19131
2025-03-10,-0.44582092896003406,0.028547526926696643,0.029174945100909757,19126
2025-03-11,-0.09282940587681128,0.03953147877013177,0.03869483371679565,19124
2025-03-12,-0.43632212064843484,0.027815539056781344,0.030638920840740352,19126
2025-03-13,-0.4720976756598525,0.028336905944476395,0.024363465258535055,19127
2025-03-14,-0.7122497328935435,0.044148380355276906,0.04623824451410658,19140
2025-03-17,-0.8378882534444569,0.01998012448349809,0.018149484805690674,19119
2025-03-18,-0.936084933424795,0.02870888458923809,0.028604298488730848,19123
2025-03-19,-0.6392850657302879,0.027556996444258523,0.02546538381091822,19124
2025-03-20,-0.9404866374254969,0.014589761020760341,0.012445745960361868,19123
2025-03-21,-0.8436152378954312,0.010301192219201004,0.00862790211252876,19124
2025-03-24,-0.4224834875572339,0.021332217923245845,0.021593642162501307,19126
2025-03-25,-0.11740660999752274,0.03158169934640523,0.026300653594771243,19125
2025-03-26,-0.4889187714694741,0.01894891122278057,0.019367671691792293,19104
2025-03-27,-0.03586067251309645,0.03247907949790795,0.031328451882845186,19120
2025-03-28,0.3630552763564537,0.04873967158247045,0.04847819265767179,19122
2025-03-31,0.16367175627312627,0.040524994770968416,0.03759673708429199,19124
2025-04-01,-0.3556218834329642,0.030527966544694196,0.029325666492420282,19130
2025-04-02,0.2574442581498424,0.05235355648535565,0.04639121338912134,19120
2025-04-03,0.31429918751565833,0.04845791949817041,0.04636696288552013,19130
2025-04-07,9.256315220071397,0.4406018179918504,0.4604012119945669,19142
2025-04-08,2.7118311532309356,0.18150452193005384,0.1886664227089759,19129
2025-04-09,3.5665117167737077,0.2518425591971146,0.26172181276462286,19131
2025-04-10,0.31384386829782646,0.055994144403199664,0.056307837088931875,19127
2025-04-11,0.8247643719637694,0.070928287685553,0.06951703951494878,19132
2025-04-14,-0.4458956614426354,0.023727396257970105,0.021480087801818752,19134
2025-04-15,0.12854117965221987,0.044057698338037,0.04045155221072436,19134
2025-04-16,0.4757193302401734,0.05692331817469029,0.05368250483508442,19131
2025-04-17,0.36932103109219916,0.054763024507498564,0.05361341903119611,19137
2025-04-18,1.2854530772991197,0.114841543771572,0.11431858592197469,19122
2025-04-21,-0.05634359546569993,0.04960016725030053,0.052056656039303824,19133
2025-04-22,-0.13626325798067038,0.04418762746430999,0.04450138576583172,19123
2025-04-23,-0.26154743752104376,0.0431440225917791,0.04534044556008786,19122
2025-04-24,0.10492042952321984,0.05184138941201088,0.05503243356350701,19116
2025-04-25,0.0660049093673166,0.05419543837622934,0.05597405314919439,19116
2025-04-28,0.14357761413968798,0.0414970247416223,0.04254097504958764,19158
2025-04-29,0.43709894881949646,0.04619721250717753,0.04176019209688365,19157
2025-04-30,-0.24781497629024207,0.03774471417384495,0.03743148003132341,19155
2025-05-06,-1.2670011613045495,0.015285095727476656,0.015493765976315927,19169
2025-05-07,-0.5931940400933257,0.020727823317495953,0.019422544771054144,19153
2025-05-08,-0.5461039710225091,0.02824917758863767,0.029136859694010756,19151
2025-05-09,0.13684821458264881,0.039740978641182305,0.043762076348634396,19149
2025-05-12,-0.5912421165350129,0.036696768805136504,0.03659236832489429,19157
2025-05-13,-0.7517186179657551,0.021808316377106486,0.019877915166692753,19167
2025-05-14,0.1757019267403861,0.05633876357560568,0.056599832915622386,19152
2025-05-15,-0.24445036942439985,0.03162014088181581,0.028593790764414297,19165
2025-05-16,-0.12128646317454234,0.03780481437000679,0.039736828364054094,19151
2025-05-19,0.7991416537893713,0.06212121212121212,0.06321839080459771,19140
2025-05-20,-0.18287398908417501,0.05411051916849473,0.05317037501305756,19146
2025-05-21,0.5018432355017078,0.05067126364728621,0.049626495324661755,19143
2025-05-22,0.46346904417811996,0.055604866078421133,0.055604866078421133,19153
2025-05-23,0.20455903742240356,0.06091317521680075,0.05898025284714241,19142
2025-05-26,0.06427938770176446,0.04920344737529381,0.04653956646644032,19145
2025-05-27,0.8314763151914056,0.07180183946488294,0.07629598662207358,19136
2025-05-28,0.5995803971294147,0.059093996551543966,0.06327394325722346,19139
2025-05-29,-0.07783502371851368,0.040100250626566414,0.036758563074352546,19152
2025-05-30,0.297134586288828,0.04995041494858813,0.04869773996555144,19159
2025-06-03,0.20886321190358095,0.04563730353506344,0.04668163542373766,19151
2025-06-04,-0.2823676627194884,0.04856650477831741,0.04903650321165596,19149
2025-06-05,-0.2154040633576905,0.049399477806788515,0.05143603133159269,19150
2025-06-06,-0.12506168085012004,0.05322260524391518,0.05510289355478951,19146
2025-06-09,-0.6877896366766116,0.03871641012261936,0.042003652491521,19165
2025-06-10,-0.35242140938503497,0.03310704960835509,0.03049608355091384,19150
2025-06-11,-0.6060045811679218,0.024395340333281095,0.024029671420362535,19143
2025-06-12,0.7420295418745441,0.04136634283923535,0.04267209861067586,19146
2025-06-13,-0.9384848348447781,0.017171189979123175,0.013308977035490605,19160
2025-06-16,-0.3637572754799301,0.02877134353297478,0.027465928672132003,19151
2025-06-17,-0.14391978333218877,0.04849655460430152,0.05095009396533723,19156
2025-06-18,0.05564718651698497,0.039126573682285955,0.038969858433892286,19143
2025-06-19,0.03847519807548427,0.030696945967110416,0.02939180370660402,19155
2025-06-20,-0.3579899169160838,0.04000417798203468,0.03937748067683309,19148
2025-06-23,0.2732449001622393,0.0448329853862213,0.047233820459290185,19160
2025-06-24,-0.8426010027688262,0.02760816241323522,0.026825322269192632,19161
2025-06-25,-0.10074096833523948,0.039937353171495694,0.03998955886191595,19155
2025-06-26,-0.2416254179996853,0.040215177312372695,0.040267404815375774,19147
2025-06-27,-0.360522137410435,0.03361695463799134,0.032938351516416976,19157
2025-06-30,-0.6232877445041045,0.03134141245298788,0.029356456330965317,19144
2025-07-01,-0.7361206952994629,0.025099144228762263,0.02311625965351701,19164
2025-07-02,-0.5423934624060633,0.03399477806788512,0.03587467362924282,19150
2025-07-03,-0.3120286613490544,0.04517443074994777,0.04815124294965532,19148
2025-07-04,-0.3507163590122186,0.03893731405605721,0.03831097656453886,19159
2025-07-07,-0.43839239428919935,0.0322782826700094,0.0291966990494098,19146
2025-07-08,-0.8709280816718962,0.03012582885187699,0.02908160601472354,19153
2025-07-09,-0.2541663799763593,0.02667293036851446,0.026255350245328324,19158
2025-07-10,-0.8878634005097411,0.025315794968159517,0.02521139993736298,19158
2025-07-11,-0.3058262849493968,0.035574565750352095,0.036774294507328775,19171
2025-07-14,-1.320734037535432,0.015969938938468764,0.016335264339021972,19161
2025-07-15,-0.8124336045614277,0.023117465950007826,0.022439075301362,19163
2025-07-16,-0.4810247312491978,0.030450224589992688,0.029823461819701243,19146
2025-07-17,-0.6145733263509404,0.02812858783008037,0.02765890825592318,19162
2025-07-18,-0.8426381346734287,0.024321503131524008,0.025260960334029227,19160
2025-07-21,-1.3615528061443316,0.01951983298538622,0.019363256784968686,19160
2025-07-22,-0.6775806405578165,0.04550435735532015,0.048478839430151854,19163
2025-07-23,-0.8522933003094877,0.0323943661971831,0.03380281690140845,19170
2025-07-24,-0.6267539748567437,0.045547033964626706,0.0478948192205353,19167
2025-07-25,-1.0267119128938629,0.02551126878130217,0.02431135225375626,19168
2025-07-28,-0.9562434810094265,0.026707005372698347,0.027645923530332274,19171
2025-07-29,-0.8424580509490208,0.04410690051153565,0.04692556634304207,19158
2025-07-30,-0.5262351951906324,0.0488364812689137,0.05207137639570072,19166
2025-07-31,-1.2094417727153541,0.023999582615954505,0.021860489382793342,19167
2025-08-01,-0.7579932779732045,0.03178496868475992,0.03569937369519833,19160
2025-08-04,-0.6573387754427351,0.02553663952627683,0.024796447076239823,18914
2025-08-05,-1.111650981251763,0.027004174813718754,0.030227765153516883,18923
2025-08-06,-1.2086605740633578,0.025107035255563192,0.02288704476980813,18919
2025-08-07,-0.37894423826483487,0.02415688762025584,0.02479120414420129,18918
2025-08-08,-0.6275898711868628,0.031772044829773735,0.03230069782194967,18916
2025-08-11,-1.289993269216219,0.023316062176165803,0.026752669979909063,18914
2025-08-12,-0.9513554182982974,0.030394333439052755,0.03213870387990274,18918
2025-08-13,-1.0189326517203532,0.02800972413064158,0.027005601944826128,18922
2025-08-14,-1.0599946981414616,0.022293834856569286,0.020973110042791485,18929
2025-08-15,-0.6165570300560009,0.046331026467325266,0.04643668445242749,18929
2025-08-18,-1.285131847272174,0.04277070728145212,0.04214479449196745,19172
2025-08-19,-1.3209507339663833,0.02681972345421341,0.028645969214714323,19165
2025-08-20,-1.1882987549480086,0.03168223811263636,0.0350748995250274,19159
2025-08-21,-1.0275485110570584,0.02999947826994313,0.03130380341211457,19167
2025-08-22,-1.028094037108112,0.046028598267404235,0.05296941864106043,19162
2025-08-25,-1.070640886645401,0.054530288812428315,0.05791888228547597,19182
2025-08-26,-1.1757908873666694,0.03557642149191445,0.0369848721961398,19170
2025-08-27,-0.7334443442226394,0.06464909992173233,0.07070180015653535,19165
2025-08-28,0.3471595004722984,0.07698325770614928,0.07995618838992333,19173
2025-08-29,0.21803326542240986,0.07746882988157963,0.07955553236997236,19169
2025-09-01,-0.3479473232720375,0.04835814591912153,0.05068102629078239,18942
2025-09-02,0.14989456292441394,0.07598414795244386,0.07756935270805812,18925
2025-09-03,0.8373820221791572,0.09533875911637248,0.09544445618856358,18922
2025-09-04,2.0699989277379647,0.15929624346172136,0.17055000792518624,18927
2025-09-05,0.5200011491083582,0.08636820127913737,0.09107246683228501,18919
2025-09-08,0.5273772694359601,0.091796875,0.09691722972972973,18944
2025-09-09,0.10405265210996317,0.07101116560576021,0.07419388500469581,19166
2025-09-10,-0.3188393660966642,0.04715947623767541,0.05049820021910376,19169
2025-09-11,-0.2632950662937442,0.05951077035414385,0.061127627392687636,19173
2025-09-12,-0.5137724532587356,0.05001044059302568,0.05188974733764878,19156
2025-09-15,-0.43753382238820404,0.05567731162596535,0.06000834898768524,19164
2025-09-16,-0.3588269819551014,0.038925123923819464,0.04315157839812157,19165
2025-09-17,-0.6152503167738518,0.047852632677555705,0.05067056306423837,19163
2025-09-18,0.7685321385199012,0.11906253262344713,0.12391690155548596,19158
2025-09-19,0.17584334203812635,0.0633968171145317,0.062405426558831203,19165
2025-09-22,-0.5503156370393893,0.03607413208039676,0.035813103628295484,19155
2025-09-23,0.4395996163721862,0.07971203505660181,0.07788617037925817,19169
2025-09-24,0.1610969113719423,0.06535231836436656,0.06556094507901737,19173
2025-09-25,0.08751071713478654,0.07489170711340744,0.07828401440425865,19161
2025-09-26,0.14647235029744127,0.06761621537016747,0.06756404236448062,19167
2025-09-29,0.6352766080506129,0.09796962263166135,0.10386763401012579,19159
2025-09-30,0.01214016898914104,0.06618337331803484,0.07119015333263795,19174
2025-10-09,-0.3854283348327319,0.068693928645942,0.07526601293553098,19172
2025-10-10,-0.2906981614775163,0.06658317678981424,0.07002713420997704,19164
2025-10-13,0.35621751382337197,0.07439870610945896,0.07319872697866124,19167
2025-10-14,1.310703828771593,0.10681687790121525,0.10859020497574715,19173
2025-10-15,0.7817680123741862,0.08317244977824159,0.09011218366814505,19165
2025-10-16,0.04272214226763265,0.061815336463223784,0.0702660406885759,19170
2025-10-17,-0.16094832534704612,0.047561929595827904,0.04865710560625815,19175
2025-10-20,-0.06434292880440913,0.04414987997077549,0.0439411334933723,19162
2025-10-21,-0.3281099187652701,0.03474722178744717,0.03198205248604372,19167
2025-10-22,-0.6577504006143211,0.029488517745302714,0.02943632567849687,19160
2025-10-23,0.04671596200765822,0.05791727595571339,0.06214748276582411,19148
2025-10-24,-0.5703623756612162,0.03231194863496372,0.03560056376259331,19157
2025-10-27,-0.9479371636766368,0.031147284395054,0.032973339594094014,19167
2025-10-28,-0.9101149226118118,0.024574767818011062,0.01998330376708755,19166
2025-10-29,-0.49835636565050134,0.06048113552157804,0.0660648123988937,19163
2025-10-30,0.7149875577341367,0.07131305754082112,0.07778183525483855,19169
2025-10-31,-0.7951446074117361,0.04424270882245526,0.04627745604424271,19167
2025-11-03,-0.43531328852342344,0.06017311502763583,0.06262383981645636,19178
2025-11-04,-0.9247515932133364,0.040992167101827674,0.041096605744125325,19150
2025-11-05,0.6047797064588649,0.07125704740029233,0.07146585926080601,19156
2025-11-06,-0.5899092841035566,0.045656144012522826,0.04763892512392382,19165
2025-11-07,0.8302151037754214,0.06262404679828684,0.06680246526689648,19146
2025-11-10,-0.045752859988046186,0.0804861509571749,0.08820614469772052,19171
2025-11-11,-0.4217411036986149,0.048061368261754424,0.04957470124719512,19163
2025-11-12,-0.10499596124050371,0.07181628392484342,0.07437369519832986,19160
2025-11-13,-0.4727138043189668,0.07096269240803549,0.07612835898773807,19165
2025-11-14,-0.44295171641898173,0.04257761544482129,0.04127315418732064,19165
2025-11-17,-0.36601904877262914,0.05004696795741572,0.046759210938315414,19162
2025-11-18,-0.5968834912007025,0.03753001357135401,0.03763440860215054,19158
2025-11-19,-0.2561285590107741,0.05111203926072883,0.05022449618878563,19154
2025-11-20,0.22473054849663734,0.06570638275664109,0.07029904493502427,19161
2025-11-21,0.16407865563378268,0.055277430120984565,0.05579891531080517,19176
2025-11-24,-0.18025801072842265,0.04388436652055938,0.04456272176998539,19164
2025-11-25,-0.42087668502103504,0.04086852132157211,0.042486559841327834,19159
2025-11-26,-0.030627182461399036,0.03412292601481791,0.03568819785036001,19166
2025-11-27,-0.2665235409649945,0.0453382084095064,0.04559937320449203,19145
2025-11-28,-0.3203134551203089,0.03994778067885117,0.038903394255874676,19150
2025-12-01,-0.8404991406596496,0.029427303465765005,0.02731403212172443,18928
2025-12-02,-0.546466929363653,0.03880312962571368,0.04366673715373229,18916
2025-12-03,-0.5027946981052573,0.03358011634056055,0.03590692755156002,18910
2025-12-04,-0.18842823589433208,0.04526226734348562,0.04711294416243655,18912
2025-12-05,-0.3016582287887411,0.041626996720617794,0.04093938432243732,18906
2025-12-08,-0.7214545350820515,0.02932938751783544,0.025365956772182,18923
2025-12-09,-1.2424908564352837,0.023001269035532994,0.022895516074450086,18912
2025-12-10,-0.20619589772280664,0.035667107001321,0.036935270805812416,18925
2025-12-11,-1.0242587801444263,0.020194544301120745,0.017498414041023473,18916
2025-12-12,-0.8832946363484098,0.030721235194585448,0.030298223350253808,18912
2025-12-15,-0.8860403782924516,0.029012732206219995,0.026194948862450426,19164
2025-12-16,0.33111622351285985,0.0522770002088991,0.052590348861499894,19148
2025-12-17,0.6806331847533746,0.054838878153235494,0.05666684075834334,19147
2025-12-18,-0.5514091436780666,0.04084720121028744,0.041525379519015075,19169
2025-12-19,-0.4272449909957862,0.03740414210443946,0.038030152850957274,19169
2025-12-22,-0.7540456150860175,0.04520068897124067,0.04593141604467874,19159
2025-12-23,-0.2837541772827379,0.04993998851954287,0.04978343683139383,19163
2025-12-24,-0.6400914608840111,0.03420008354218881,0.03649749373433584,19152
2025-12-25,-0.7248708229397745,0.04212779285863437,0.046512841929421594,19156
2025-12-26,-0.42288626059564627,0.05625130452932582,0.06063452306407848,19164
2025-12-29,-1.0784899476393794,0.02949621508744453,0.02902636387366223,19155
2025-12-30,-0.6187140599615297,0.04249321361453331,0.04176237210273544,19156
2025-12-31,-0.32764848681410474,0.046391483588164695,0.0493659656629964,19163
2026-01-05,-1.6793366097877058,0.025507276615721663,0.027385112930989514,19171
2026-01-06,-0.6262745912800765,0.047425262169353576,0.05483382897688736,19167
2026-01-07,-0.9606089404125255,0.03375241274975221,0.03156137513693985,19169
2026-01-08,-0.9399575711093869,0.030530765617660875,0.03334899013621419,19161
2026-01-09,-0.9365183674452181,0.03432804674457429,0.03688439065108514,19168
2026-01-12,-1.2125595586531406,0.04199050649418393,0.04392050492932033,19171
2026-01-13,-0.27410707253016764,0.056610664718772824,0.06130648022539915,19166
2026-01-14,0.793668895132129,0.09687010954616589,0.102660406885759,19170
2026-01-15,-0.03972428757340851,0.05452932581924442,0.055207681068670425,19164
2026-01-16,-0.5011919160463992,0.05380885343344283,0.05719797695396006,19179
2026-01-19,-0.3074139253134379,0.052601367218076504,0.05380159682721912,19163
2026-01-20,0.4060896151053694,0.06256522646629097,0.07054894594030474,19164
2026-01-21,-0.7753781052306821,0.03031409788166545,0.029948867786705625,19166
2026-01-22,-1.052403946607378,0.035878181059657906,0.035721735502711724,19176
2026-01-23,-1.1544903965783044,0.0440455067320739,0.0440455067320739,19162
2026-01-26,-0.05876234690345834,0.07358539765319426,0.07979139504563233,19175
2026-01-27,-0.688833803439301,0.05142648516142492,0.05575548949042925,19173
2026-01-28,-0.072301489981939,0.07184192690683489,0.07856733225587821,19181
2026-01-29,0.5773910925715598,0.1214017521902378,0.1331351689612015,19176
2026-01-30,-0.31796969347179266,0.07458563535911603,0.07474199937454394,19186
2026-02-02,-0.19172743851364943,0.06415606092217818,0.06368662633006468,19172
2026-02-03,-0.5037542105292518,0.04685135910679814,0.04314707570303125,19167
2026-02-04,-0.664998836701087,0.057746478873239436,0.05967657798643714,19170
2026-02-05,-0.5698741867557401,0.03601064662595898,0.03705443348468243,19161
2026-02-06,-0.05470040148906601,0.0388952699175107,0.040983606557377046,19154
2026-02-09,-0.9287677728509088,0.02939180370660402,0.033046202036021925,19155
2026-02-10,-1.2945334222352944,0.022557568795363168,0.024594015978277897,19151
2026-02-11,-0.840837107957443,0.038782753940912414,0.04128823468002923,19158
2026-02-12,-1.492059968987506,0.0219046625638886,0.02086158339417962,19174
2026-02-13,-1.319806250104526,0.0270735524256651,0.026395409494001043,19170
2026-02-24,-1.4772444115449084,0.02734150795721367,0.030367858074615183,19165
2026-02-25,-1.2009379576208183,0.03244483855823901,0.03473997183245527,19171
2026-02-26,-1.8273287242712242,0.023946160267111855,0.025041736227045076,19168
2026-02-27,-1.4112648201360132,0.029021818561436475,0.029543793715419146,19158
2026-03-02,-1.0231514050260198,0.0414275279140144,0.04450589585724721,19166
2026-03-03,-0.04940390097965508,0.07043355767725779,0.07215526686492409,19167
2026-03-04,0.6134453690285838,0.0663467556853745,0.06911120383893178,19172
2026-03-05,-0.4434374658667161,0.051524326581749845,0.0560137815827939,19156
2026-03-06,-0.6951015391450935,0.04786012526096033,0.049164926931106474,19160
2026-03-09,0.7650074963271578,0.08932484608160284,0.09485547323385161,19166
2026-03-10,-0.7848953887421342,0.03987057718401002,0.03814841874543367,19162
2026-03-11,-1.0645224753451206,0.04223440354998695,0.04338292873923258,19155
2026-03-12,-0.7147631684211345,0.0493427915710411,0.053932818693928644,19172
2026-03-13,-0.9196120431523525,0.04257761544482129,0.042786329246021396,19165
2026-03-16,-0.37768607752821165,0.05248878221851195,0.053480121047688615,19166
2026-03-17,-0.832080534851459,0.029084643099577045,0.027413712077698292,19151
2026-03-18,-0.1967717116078923,0.035058430717863104,0.03213689482470785,19168
2026-03-19,-0.12406950914775178,0.05949955597346288,0.058245833986313535,19143
2026-03-20,0.03719945758790435,0.06377870563674322,0.06544885177453028,19160
2026-03-23,1.7341644765852355,0.15309582181419853,0.16446716394554275,19171
2026-03-24,1.3077505510396017,0.10163917310503237,0.10357068281478388,19156
2026-03-25,-0.16636168200789722,0.0550190530876442,0.05220024012110456,19157
2026-03-26,0.42972645979808727,0.06192564745196324,0.06464076858813701,19152
2026-03-27,1.6303227685645076,0.11088488645262333,0.11500913599582355,19155
2026-03-30,0.9996296262601118,0.08652993058817389,0.08637336255936538,19161
2026-03-31,0.9397083603099862,0.08947670475296082,0.0890071477017791,19167
2026-04-01,-0.017214324823784155,0.05976615513101576,0.05893099488464349,19158
2026-04-02,0.12857210218139423,0.06470311765627448,0.06673977753407488,19149
2026-04-03,0.46064825058096653,0.06312327050592596,0.06249673680363389,19153
2026-04-07,0.8588074563236705,0.08968469409062435,0.09239924827730216,19156
2026-04-08,-0.9277707301091996,0.03701190227604928,0.040144080183754434,19156
2026-04-09,-0.35237923452484815,0.05291475135812787,0.0531759297952361,19144
2026-04-10,-0.23732950241448833,0.07432538232684378,0.07949266663187014,19159
2026-04-13,0.029241440903275337,0.06626317437128248,0.0680371491182302,19166
2026-04-14,-0.031124177858553325,0.06291736227045075,0.0659432387312187,19168
2026-04-15,0.16706664060608453,0.05972019210691167,0.0654625182710378,19156
2026-04-16,-0.7100999796525871,0.04664996869129618,0.05385097056981841,19164
2026-04-17,-0.5736771106359642,0.04346918540938267,0.04383447268173042,19163
2026-04-20,-1.1696181905846363,0.047129436325678495,0.048173277661795404,19160
2026-04-21,0.047631101328268394,0.06346886580719244,0.06310350227047341,19159
2026-04-22,-0.8984786674397234,0.048225469728601256,0.04874739039665971,19160
2026-04-23,-0.3112583311189279,0.052398100307917125,0.050101769218725535,19161
2026-04-24,-0.07790580190227434,0.06784352640100277,0.07212618164725544,19147
2026-04-27,-0.02889199655465782,0.05324980422866092,0.05293657008613939,19155
2026-04-28,0.022574076370511207,0.0630447262668963,0.0615312353217473,19161
2026-04-29,-0.8584798488455957,0.05351554350093887,0.059200918005424576,19172
2026-04-30,-1.0140437448968094,0.04901705167648746,0.051259321061688484,19177
2026-05-06,-1.404508987278231,0.03913383772501957,0.03871641012261936,19165
2026-05-07,-0.8908216601738772,0.03416975324743075,0.03526527205383692,19169
2026-05-08,-1.4905546946470143,0.03330375319726471,0.031528945033147154,19157
2026-05-11,-0.9247287854914311,0.04554941041427528,0.047166857977668786,19166
2026-05-12,-0.4731260680566527,0.04117309398319679,0.03950320930960705,19163
2026-05-13,-1.5262407486902383,0.033112582781456956,0.03420764457422955,19177
