period,slot,sum,count,mean_lsi_5
test,6,-4726.957289756879,11590,-0.4078479111093079
test,7,-7293.507560340544,11590,-0.6292931458447406
test,8,-8463.620551931006,11590,-0.7302519889500436
test,9,-8547.272545414646,11590,-0.7374695897683042
test,10,-8565.572558876536,11590,-0.7390485382982344
test,11,-8285.506578032095,11590,-0.7148840878371091
test,12,-8456.229253818738,11590,-0.7296142583105036
test,13,-9163.471858348146,11590,-0.7906360533518677
test,14,-9228.697601358444,11590,-0.79626381374965
test,15,-9338.718701621034,11590,-0.8057565747731694
test,16,-9461.227339065355,11590,-0.8163267764508504
test,17,-9153.486476347776,11590,-0.7897745018419134
test,18,-10060.522464352234,11590,-0.8680347251382429
test,19,-10328.342114648878,11590,-0.8911425465615943
test,20,-9582.759445839358,11590,-0.8268127218153026
test,21,-9862.274310826117,11590,-0.8509296212964725
test,22,-10108.755673599517,11590,-0.872196348024117
test,23,-9593.33496688224,11590,-0.8277251912754305
test,24,-9930.747798268305,11590,-0.8568376012310875
test,25,-10349.815174255426,11590,-0.8929952695647476
test,26,-10532.08547721007,11590,-0.9087217840560888
test,27,-10270.985599356381,11590,-0.8861937531800157
test,28,-9756.838978420696,11590,-0.8418325261795251
test,29,-9743.643913451499,11590,-0.8406940391243743
test,30,-9890.181366339655,11590,-0.8533374776824552
test,31,-10266.573606157248,11590,-0.8858130807728428
test,32,-10552.918740407422,11590,-0.9105193046080605
test,33,-10869.204461022195,11590,-0.9378088404678339
test,34,-10716.35768380024,11590,-0.9246210253494598
test,35,-10030.093396490187,11590,-0.8654092663063147
test,36,-9154.207637546568,11590,-0.7898367245510413
test,37,-8151.133907152609,11590,-0.7032902422047117
test,38,-8401.089807959568,11590,-0.7248567565107479
test,39,-8053.900963496534,11590,-0.694900859663204
test,40,-8420.134893421564,11590,-0.7264999908042764
test,41,-8743.158984654485,11590,-0.7543709218856328
test,42,-9496.739223398947,11590,-0.8193907871785113
test,43,-9276.90690296508,11590,-0.8004233738537602
test,44,-9392.41276943261,11590,-0.8103893675092848
test,45,-9430.404802425872,11590,-0.8136673686303599
test,46,-9124.094011342382,11590,-0.7872384824281606
test,47,-9119.526955796186,11590,-0.7868444310436743
test,48,-9470.805697404074,11590,-0.8171532094395232
test,49,-9500.54601425585,11590,-0.8197192419547756
test,50,-8911.236531393932,11590,-0.7688728672471037
test,51,-9102.915367609457,11590,-0.7854111620025416
test,52,-8786.936834728976,11590,-0.7581481306927503
test,53,-8298.694198907993,11590,-0.7160219326063842
test,54,-8148.658121580014,11590,-0.703076628264022
test,55,-8115.317540596779,11590,-0.7001999603621034
test,56,-7861.285620019051,11590,-0.6782817618653193
test,57,-8160.855512721085,11590,-0.7041290347472895
test,58,-8110.533575726253,11590,-0.6997871937641288
test,59,-7927.14394704479,11590,-0.6839641024197404
test,60,-7829.553488222945,11590,-0.6755438730131963
test,61,-8284.298529636611,11590,-0.7147798558789138
test,62,-8035.209107074676,11590,-0.6932881024223189
test,63,-8008.360069520002,11590,-0.6909715331768768
test,64,-7776.674907945274,11590,-0.6709814415828537
test,65,-7712.294433062677,11590,-0.6654266119985054
test,66,-6853.1897227602885,11590,-0.5913019605487738
test,67,-6906.606496522568,11590,-0.5959108280002215
test,68,-6448.913651221481,11590,-0.5564205048508611
test,69,-6764.8969698340225,11590,-0.5836839490797259
test,70,-6448.5755471849125,11590,-0.5563913328028397
test,71,-6810.792041546101,11590,-0.5876438344733478
test,72,-6537.084236927105,11590,-0.5640279755761092
test,73,-7134.925070928386,11590,-0.6156104461543043
test,74,-6510.032836835675,11590,-0.5616939462325863
test,75,-6146.828412424394,11590,-0.5303562046958061
test,76,-6173.198138774613,11590,-0.5326314183584653
test,77,-6938.794680636295,11590,-0.5986880656286708
test,78,-6850.635764742957,11590,-0.5910816017897288
test,79,-6917.692186651469,11590,-0.5968673155005582
test,80,-7330.398568119008,11590,-0.6324761491043147
test,81,-7452.0365602335505,11590,-0.6429712303911606
test,82,-7325.616249736253,11590,-0.6320635245674076
test,83,-7077.298103420885,11590,-0.6106383178102576
test,84,-7479.555910527364,11590,-0.6453456350757001
test,85,-7737.119306569196,11590,-0.6675685337850903
test,86,-7421.91748712446,11590,-0.6403725183023693
test,87,-7798.751435418483,11590,-0.6728862325641487
test,88,-7629.237780893923,11590,-0.6582603779891218
test,89,-8169.782790311034,11590,-0.7048992916575525
test,90,-8385.129590992125,11590,-0.723479688610192
test,91,-8537.93874496261,11590,-0.7366642575463856
test,92,-8115.908222727488,11590,-0.7002509251706202
test,93,-8301.67254473946,11590,-0.7162789080879604
test,94,-7646.807664450604,11590,-0.6597763299784818
test,95,-6913.417756099325,11590,-0.5964985121742299
test,96,-6296.843739941908,11590,-0.5432997187180248
test,97,-7059.233025908132,11590,-0.6090796398540235
test,98,-7903.062556819442,11590,-0.6818863293200553
test,99,-8217.637226000701,11590,-0.7090282334771959
test,100,-8829.498906586068,11590,-0.7618204406027669
test,101,-8971.788944248276,11590,-0.7740974067513612
test,102,-9081.829016674985,11590,-0.7835918047174275
test,103,-8571.922307799525,11590,-0.7395964027437036
test,104,-8274.022507283917,11590,-0.713893227548224
test,105,-7834.193949137043,11590,-0.6759442579065611
test,106,-8348.24178256646,11590,-0.7202969613948628
test,107,-7987.245168011774,11590,-0.689149712511801
test,108,-7606.810023978847,11590,-0.6563252824830756
test,109,-7250.3094830641085,11590,-0.6255659605749878
test,110,-7326.356349928619,11590,-0.6321273813570853
test,111,-6813.824320190702,11590,-0.5879054633469113
test,112,-7324.144203376816,11589,-0.631991043522031
test,113,-7371.618511856232,11590,-0.6360326584863013
test,114,-7181.916359387419,11590,-0.6196649145286816
test,115,-7153.205889954427,11590,-0.6171877385637987
test,116,-7560.7230521517695,11590,-0.6523488397024823
test,117,-7348.486488119824,11590,-0.6340367979395879
test,118,-7677.211142788625,11590,-0.6623995809136001
test,119,-7704.411839283034,11589,-0.6648038518666869
test,120,-8017.976805351121,11590,-0.6918012774246006
test,121,16080.45181280533,3334,4.823170909659667
test,122,147017.25117863825,11590,12.684836167268184
test,123,156139.63275689585,11590,13.471926898783076
test,124,163318.13060366357,11590,14.091296859677616
test,125,167683.62955524257,11590,14.46795768380005
test,126,1876.1577715379967,11590,0.16187728831216538
test,127,-2686.026839472949,11590,-0.23175382566634592
test,128,-4347.396215685013,11590,-0.3750988969529778
test,129,-5146.934193150085,11590,-0.4440840546289978
test,130,-4791.950891748037,11590,-0.4134556420835235
test,131,-4683.093391573311,11590,-0.40406327796145913
test,132,-5344.682524662728,11590,-0.46114603318919134
test,133,-5390.427197407032,11590,-0.4650929419678198
test,134,-4926.853214485629,11590,-0.425095186754584
test,135,-5962.302472158557,11590,-0.5144350709368901
test,136,-5378.4865593948125,11590,-0.4640626884723738
test,137,-4845.471661910263,11590,-0.41807348247715814
test,138,-5035.744520651619,11590,-0.4344904677007436
test,139,-5768.390728145842,11590,-0.49770411804537035
test,140,-5618.54898053346,11590,-0.48477558071902155
test,141,-5791.015244864648,11590,-0.49965619023853736
test,142,-5441.082895506855,11590,-0.46946358028531965
test,143,-5421.417026778501,11590,-0.4677667840188526
test,144,-5710.602475326627,11590,-0.49271807379867366
test,145,-5664.581687501239,11590,-0.4887473414582605
test,146,-5260.896112906313,11590,-0.4539168345907086
test,147,-5959.794164177305,11590,-0.5142186509212515
test,148,-5985.172754695637,11589,-0.516452908335114
test,149,-5881.05858262182,11590,-0.5074252444022278
test,150,-5929.427149022332,11590,-0.5115985460761288
test,151,-6507.832574787107,11590,-0.5615041048133828
test,152,-6098.199550005886,11590,-0.5261604443490842
test,153,-5914.920318406328,11590,-0.5103468782058954
test,154,-5276.584553540628,11590,-0.45527045328219395
test,155,-5053.872100297028,11590,-0.43605453842079617
test,156,-4433.581374387076,11590,-0.3825350625010419
test,157,-4023.38248113617,11589,-0.34717253267203124
test,158,-3693.3412802149983,11590,-0.31866620191673845
test,159,-4449.536058878879,11590,-0.38391165305253483
test,160,-3925.624456867746,11590,-0.33870789101533616
test,161,-4618.333872062742,11590,-0.3984757439225834
test,162,-4636.406139072206,11590,-0.40003504219777447
test,163,-5519.625453062679,11590,-0.4762403324471682
test,164,-5242.588583097184,11590,-0.4523372375407406
test,165,-5349.73273188105,11590,-0.4615817715169155
test,166,-5650.566981318032,11590,-0.48753813471251356
test,167,-5860.175656936976,11590,-0.5056234389074181
test,168,-5625.362278257613,11590,-0.4853634407469899
test,169,-6211.416477710034,11590,-0.5359289454452143
test,170,-6082.416382822189,11590,-0.524798652529956
test,171,-6005.793008639605,11590,-0.5181874899602765
test,172,-6020.935584859312,11590,-0.5194940107730209
test,173,-5661.575890956426,11590,-0.48848799749408334
test,174,-5682.0755705074425,11590,-0.4902567360230753
test,175,-5433.664326931957,11590,-0.4688234967154406
test,176,-5155.112042628872,11590,-0.44478964992483794
test,177,-5698.652248100259,11590,-0.4916869929335858
test,178,-6898.764588742989,11590,-0.5952342181831742
test,179,-6882.408204560854,11590,-0.5938229684694438
test,180,-6994.719851559231,11590,-0.6035133607902702
test,181,-7833.232565654235,11590,-0.6758613085120134
test,182,-7710.574254973746,11590,-0.6652781928363888
test,183,-7972.3331852830515,11590,-0.6878630875999182
test,184,-9328.451309521428,11590,-0.8048706910717367
test,185,-10008.253524496664,11590,-0.8635248942620073
test,186,-10051.661719487665,11590,-0.8672702087564853
test,187,-10524.113796708956,11590,-0.9080339772829126
test,188,-10403.348555815108,11590,-0.8976141980858592
test,189,-9767.683580753861,11590,-0.8427682123169854
test,190,-9635.49351296471,11590,-0.8313626844663252
test,191,-8808.13746178825,11590,-0.7599773478678387
test,192,-8294.702590853141,11590,-0.7156775315662762
test,193,-8343.17022842912,11590,-0.7198593812277067
test,194,-8866.05375463349,11590,-0.7649744395714833
test,195,-8817.97163273407,11590,-0.7608258526949154
test,196,-9326.828163978062,11590,-0.8047306440015584
test,197,-9485.767177633314,11590,-0.8184441050589571
test,198,-9209.02814635309,11590,-0.7945667080546238
test,199,-8717.843933778024,11590,-0.7521867069696311
test,200,-8243.232870381224,11590,-0.7112366583590357
test,201,-7935.542150226244,11590,-0.68468871011443
test,202,-9180.592419768203,11590,-0.7921132372535119
test,203,-9404.007522391523,11590,-0.8113897776006491
test,204,-9806.531256583861,11590,-0.8461200393946385
test,205,-9480.81695597969,11590,-0.8180169936134332
test,206,-9292.427052627409,11590,-0.8017624721852812
test,207,-8982.264703336936,11590,-0.7750012686226865
test,208,-9270.51379961118,11590,-0.7998717687326299
test,209,-9240.104138155117,11590,-0.7972479843101913
test,210,-10441.490391972808,11590,-0.9009051244152552
test,211,-11209.498637502415,11590,-0.9671698565575854
test,212,-12389.0914788421,11590,-1.0689466332046678
test,213,-12377.513664172291,11590,-1.067947684570517
test,214,-12952.598029176012,11590,-1.1175666979444359
test,215,-12200.751150147838,11590,-1.0526963891413148
test,216,-11988.761879148793,11590,-1.034405684137083
test,217,-11511.533737967924,11590,-0.993229830713367
test,218,-11663.844563511124,11590,-1.0063714032365076
test,219,-11021.077286736987,11590,-0.95091262180647
test,220,-11137.023676625773,11590,-0.9609166243853126
test,221,-12386.080185010009,11590,-1.0686868149275244
test,222,-13079.297921290081,11590,-1.1284985264270992
test,223,-12290.495273678664,11590,-1.0604396267194705
test,224,-11834.30546806028,11590,-1.0210789877532598
test,225,-12533.710102058632,11590,-1.0814245126884066
test,226,-11929.53652561452,11590,-1.0292956450055668
test,227,-12564.056942238412,11590,-1.084042876810907
test,228,-14093.389410179876,11590,-1.2159956350457184
test,229,-15408.253741181925,11590,-1.329443808557543
test,230,-15690.694751961943,11590,-1.353813179634335
test,231,-15812.487244728114,11590,-1.364321591434695
test,232,-14459.230651828408,11590,-1.2475608845408461
test,233,-13728.855969887627,11590,-1.1845432243216245
test,234,-13153.253939280241,11590,-1.1348795460983814
test,235,-12370.421551421572,11590,-1.06733576802602
test,236,-12329.630457439049,11590,-1.0638162603484942
test,237,-11990.57153981768,11590,-1.0345618239704641
test,238,-12280.984486327967,11590,-1.0596190238419299
test,239,67419.05431239156,9706,6.946121400411246
test,240,123260.62092495529,11590,10.635083772644977
train,6,48949.01490895373,34693,1.4109190588578022
train,7,44908.13357562389,34693,1.294443650754443
train,8,43903.929998686006,34693,1.2654982272702275
train,9,42489.43010039761,34693,1.2247263165594675
train,10,40950.935451606114,34693,1.1803803491080653
train,11,40993.05410955204,34693,1.1815943881922013
train,12,41090.53308423932,34693,1.1844041473565077
train,13,40913.128976908716,34693,1.179290605508567
train,14,40958.80962622652,34693,1.1806073163527662
train,15,42928.48217424658,34693,1.2373816670292732
train,16,42953.818841350425,34693,1.2381119776713003
train,17,43705.67078523512,34693,1.2597835524525154
train,18,42620.939223222675,34693,1.228516969510353
train,19,41679.05857954796,34693,1.201367958364741
train,20,40952.55412329371,34693,1.1804270061192088
train,21,40381.07418130328,34693,1.163954520546026
train,22,39902.711429459814,34693,1.1501660689320559
train,23,40319.21680658963,34693,1.162171527587399
train,24,40490.15469481651,34693,1.1670986854644023
train,25,42467.019147414925,34693,1.2240803374575542
train,26,42503.84989011828,34693,1.2251419563058334
train,27,42762.06289928525,34693,1.2325847548290794
train,28,43221.82020729126,34693,1.2458369183204467
train,29,42883.082614934276,34693,1.2360730583960533
train,30,41287.8233076447,34693,1.190090891754668
train,31,40745.81473181322,34693,1.1744678964578796
train,32,39167.682369008086,34693,1.12897940129156
train,33,37860.22633558557,34693,1.0912929506120994
train,34,38432.608621747255,34693,1.1077914455869269
train,35,39078.31094458506,34693,1.126403336251839
train,36,39602.37214177338,34693,1.1415090116672926
train,37,41152.637083945076,34693,1.1861942490976587
train,38,41793.83974577604,34693,1.2046764403705656
train,39,42413.972440585974,34693,1.2225513054675576
train,40,41777.703749880835,34693,1.2042113322537928
train,41,41837.045213757374,34693,1.2059218059480983
train,42,41959.25677686685,34693,1.20944446363436
train,43,42790.20106096415,34693,1.2333958164749128
train,44,42136.46613415393,34693,1.214552391956704
train,45,43783.04476118386,34693,1.2620137999361214
train,46,46436.06670058266,34693,1.3384851901127797
train,47,46748.80927599883,34693,1.3474997629492644
train,48,45841.130433651495,34693,1.32133659336614
train,49,46621.867130566134,34693,1.3438407497352818
train,50,46901.94801374143,34693,1.3519138735117007
train,51,44859.21667400204,34693,1.2930336573372738
train,52,44213.7948865855,34693,1.2744298528978613
train,53,44648.94546005681,34692,1.2870098426166499
train,54,43965.30360759733,34693,1.267267276038317
train,55,43471.1792609234,34693,1.2530245081406453
train,56,44399.57271828359,34693,1.279784761141544
train,57,43462.622299522634,34692,1.2528139715070516
train,58,44461.04805626088,34693,1.2815567421745273
train,59,45085.060187527786,34693,1.2995434291507735
train,60,44699.19192832424,34693,1.2884210627021082
train,61,43773.86250817986,34693,1.2617491283019588
train,62,44461.94566224232,34693,1.2815826150013638
train,63,43972.28800311105,34693,1.2674685960600423
train,64,44654.13311963238,34693,1.2871222759528544
train,65,46234.07143267606,34693,1.3326628262956808
train,66,46978.91836777631,34693,1.3541324868929268
train,67,49714.61904670547,34693,1.4329870304299273
train,68,51742.05867621467,34693,1.491426474395834
train,69,53816.93814607281,34693,1.5512333365829651
train,70,56086.514630803234,34693,1.616652195855165
train,71,59798.60542183009,34693,1.7236504603761593
train,72,63242.769577343206,34693,1.8229259382971552
train,73,63093.8060906593,34693,1.8186321762505204
train,74,62673.35914154548,34693,1.80651310470543
train,75,60378.00273939976,34693,1.7403511584296474
train,76,56522.56112396004,34693,1.629220912690169
train,77,52434.897530063994,34693,1.5113970406152248
train,78,50758.67519330512,34693,1.4630811746838013
train,79,49967.0391146116,34693,1.440262851716819
train,80,48979.13736958272,34693,1.4117873164495063
train,81,48933.156473822615,34693,1.4104619512242416
train,82,47904.664927089725,34693,1.380816445020313
train,83,49143.708193017635,34693,1.4165309484050856
train,84,49746.72316883968,34693,1.4339124079451093
train,85,49498.814022937324,34693,1.4267666106401096
train,86,50039.17670371397,34693,1.4423421642323804
train,87,48539.40623476174,34692,1.3991527220904456
train,88,47400.69177587867,34693,1.3662897926347872
train,89,46846.97185081112,34693,1.3503292263802817
train,90,46923.609585506965,34693,1.352538252255699
train,91,47631.18435588598,34693,1.3729335703423162
train,92,48326.88494937253,34693,1.3929866240847586
train,93,47193.4141463205,34693,1.3603151686599746
train,94,47348.46647430051,34693,1.3647844370420694
train,95,47749.02369774725,34693,1.3763302019931183
train,96,47937.06264029424,34693,1.3817502850803978
train,97,48488.75180251865,34693,1.3976523161017684
train,98,48957.03593478008,34693,1.4111502589796234
train,99,49083.03328411799,34692,1.4148228203654443
train,100,49155.43159140949,34692,1.4169097080424735
train,101,48508.020817953904,34693,1.3982077311836365
train,102,47901.55259701594,34693,1.3807267344137417
train,103,48040.970936769,34692,1.3847852800867346
train,104,48988.11401367079,34693,1.412046061559127
train,105,50071.011020453974,34693,1.4432597648071361
train,106,50456.19418350301,34693,1.4543623838671493
train,107,50299.169817689384,34692,1.4498780646168967
train,108,50607.74048061143,34693,1.4587305935091064
train,109,49547.24324102813,34693,1.4281625469411159
train,110,49868.30922239708,34693,1.4374170357823504
train,111,49825.964566669136,34693,1.436196482479726
train,112,49252.35161236074,34693,1.4196625144081152
train,113,50197.38392826094,34692,1.4469440772587612
train,114,51631.90615130315,34693,1.4882514095438026
train,115,51768.78223951485,34691,1.49228278918206
train,116,51869.28165699664,34693,1.4950935824805187
train,117,52444.35785792307,34693,1.5116697275508912
train,118,50793.45680931515,34693,1.4640837289745812
train,119,49460.58159541629,34692,1.4257056841754956
train,120,49119.455478134245,34692,1.415872693362569
train,121,55647.06299285217,9284,5.993867190096097
train,122,122767.13939699648,34693,3.5386717607873774
train,123,122935.01702583871,34693,3.5435107089568127
train,124,124813.93910926094,34693,3.5976692447831247
train,125,124781.33912156022,34693,3.596729574310674
train,126,62603.61209999434,34693,1.804502697950432
train,127,53149.41142943645,34693,1.5319923739496857
train,128,53647.51903484178,34693,1.5463499563266878
train,129,53393.13315791536,34693,1.5390174720524419
train,130,53424.70410177307,34693,1.5399274810991577
train,131,52584.40624010482,34693,1.5157065183208376
train,132,52536.92056511154,34693,1.5143377789499766
train,133,53064.28978567566,34692,1.5295828947790748
train,134,53436.95481317448,34693,1.540280598771351
train,135,54532.92636668101,34693,1.5718711661338312
train,136,55055.74378581353,34692,1.5869867342849513
train,137,54051.849019012414,34693,1.5580044683080856
train,138,54096.11820223578,34693,1.5592804946887207
train,139,52694.54525540069,34693,1.5188811937682152
train,140,51276.812127780555,34693,1.4780160876194204
train,141,51656.46131329328,34693,1.488959193880416
train,142,52602.021992992326,34692,1.5162579843477553
train,143,51576.43488065494,34692,1.4866953441904456
train,144,51435.356010587064,34692,1.482628733154245
train,145,52598.8289231546,34692,1.5161659438243573
train,146,51712.99793010769,34693,1.4905888199379613
train,147,51954.55427945548,34693,1.4975515025929
train,148,51705.41815111774,34693,1.4903703384290128
train,149,53170.08964887371,34693,1.5325884082919814
train,150,53072.20208041482,34693,1.5297668717151822
train,151,52197.802972876394,34693,1.5045629658108666
train,152,53156.6384883473,34693,1.5322006885638977
train,153,51868.82011087477,34693,1.4950802787557942
train,154,50431.53291180366,34691,1.4537353466836833
train,155,49804.01131979896,34692,1.4356050766689428
train,156,48410.67606793428,34693,1.3954018409458473
train,157,48072.58635364793,34692,1.3856965973033533
train,158,47791.391415894745,34693,1.3775514200528851
train,159,46717.22427592373,34693,1.3465893487425051
train,160,48953.26907850453,34692,1.4110823555431953
train,161,49271.50229720664,34693,1.420214518698488
train,162,50772.00799961057,34693,1.4634654829392262
train,163,52572.10131855021,34693,1.5153518380811752
train,164,53540.334853921646,34693,1.5432604517891693
train,165,51533.315252890745,34693,1.4854096000026156
train,166,52184.711561503704,34693,1.5041856155853832
train,167,51208.96784844548,34693,1.4760605265743947
train,168,50832.80314869966,34693,1.46521785803187
train,169,50055.5067707939,34692,1.4428544555169462
train,170,50654.11201386806,34693,1.4600672185705492
train,171,50138.5513138987,34692,1.445248221892618
train,172,49747.9423792101,34693,1.4339475507799873
train,173,49187.84077493709,34693,1.4178030373544257
train,174,49263.11642835453,34693,1.4199728022469815
train,175,51062.51938465349,34693,1.4718392581977198
train,176,51079.44827642021,34692,1.4723696609137613
train,177,52050.75955186011,34693,1.5003245482333643
train,178,52017.24148402466,34693,1.4993584147817904
train,179,51079.419116728895,34693,1.4723263804435736
train,180,50895.263319740356,34693,1.467018226147648
train,181,51025.66186146885,34693,1.470776867421925
train,182,51906.14051060679,34692,1.49619913843557
train,183,52191.81858133757,34693,1.5043904701622104
train,184,51111.29386307641,34693,1.473245146371787
train,185,50161.40810161051,34693,1.4458653936416717
train,186,50142.73988831498,34693,1.4453272962359835
train,187,48582.605080225105,34692,1.4003979326710798
train,188,47993.60905395611,34693,1.3833801935248065
train,189,47213.997278978524,34693,1.3609084621963659
train,190,48083.1062067355,34693,1.3859598825911712
train,191,47531.83682058899,34693,1.3700699513039805
train,192,47965.13624963018,34693,1.3825594860528112
train,193,49068.370426770576,34693,1.414359393156273
train,194,49613.54546257332,34693,1.4300736593137902
train,195,49923.2388674311,34693,1.4390003420699018
train,196,52694.65622453199,34693,1.5188843923711408
train,197,53238.723300320635,34693,1.5345667224028086
train,198,53122.40492566273,34693,1.5312139315038404
train,199,52491.28730298462,34693,1.513022434006417
train,200,54253.61297316453,34692,1.5638652419337176
train,201,52970.56857860053,34693,1.5268373613870385
train,202,51823.600543215885,34693,1.4937768582485194
train,203,52366.85455240093,34693,1.5094357522382305
train,204,53330.64216009373,34693,1.5372162153775613
train,205,55521.86102997193,34691,1.6004687391534382
train,206,55799.45877511359,34693,1.6083780236679903
train,207,59523.38757731146,34693,1.715717510083056
train,208,61235.74380091073,34692,1.7651257869511914
train,209,61675.39247818765,34693,1.7777474556304629
train,210,61554.08940233171,34693,1.7742509844156373
train,211,59084.78260146427,34693,1.7030750468816265
train,212,52740.229790699115,34691,1.5202856588365603
train,213,48753.32792721957,34693,1.4052785267120045
train,214,47894.49824463177,34693,1.380523397937099
train,215,46524.717339912044,34693,1.341040479056641
train,216,46282.435190865785,34693,1.3340568757635771
train,217,46439.52714880389,34693,1.3385849349668202
train,218,48383.491158799974,34693,1.3946182560977711
train,219,48760.147867626445,34693,1.4054751064372193
train,220,48383.087013816505,34693,1.3946066069182979
train,221,47301.9074578844,34693,1.3634424079175742
train,222,48326.271020541906,34693,1.3929689280414466
train,223,47964.94388920487,34693,1.3825539414061878
train,224,49244.724114926365,34693,1.4194426574503896
train,225,50103.17508135695,34693,1.444186870012883
train,226,51317.40898309738,34693,1.4791862618711955
train,227,50856.09649547877,34693,1.4658892714806666
train,228,52667.81610632302,34693,1.5181107458658236
train,229,51547.890624597494,34693,1.4858297242843657
train,230,53227.13033756365,34693,1.5342325638475671
train,231,53770.972530978055,34693,1.5499084118115485
train,232,55086.74801679443,34693,1.5878346645373542
train,233,54264.952930006744,34693,1.5641470305250842
train,234,53922.26703103021,34693,1.5542693635900675
train,235,52791.765051291455,34693,1.5216834822958942
train,236,52730.27025990033,34693,1.5199109405326818
train,237,51347.507166370255,34693,1.4800538196861113
train,238,50855.15925757133,34693,1.4658622562929504
train,239,400973.20449236245,25444,15.75904749616265
train,240,694416.4818825133,34693,20.016040177629876
validation,6,-5531.87344334107,11584,-0.477544323492841
validation,7,-8219.355877386375,11584,-0.7095438430064205
validation,8,-8531.490475862576,11584,-0.7364891640074738
validation,9,-8728.754644894241,11584,-0.7535181841241576
validation,10,-8643.438854719325,11584,-0.7461532160496654
validation,11,-9244.32376835764,11584,-0.7980251871855698
validation,12,-9711.169925459759,11584,-0.8383261330680041
validation,13,-10152.129569439247,11584,-0.8763924006767305
validation,14,-10427.702193110374,11584,-0.9001814738527602
validation,15,-9995.157278853207,11584,-0.8628416159231014
validation,16,-9350.928248899745,11584,-0.8072279220389973
validation,17,-8921.452686342058,11584,-0.7701530288624014
validation,18,-8686.22987344649,11584,-0.7498471921138199
validation,19,-8712.693049765247,11584,-0.7521316513954805
validation,20,-8415.983688803348,11584,-0.726517928936753
validation,21,-8264.458001594223,11584,-0.7134373274856891
validation,22,-8499.04084460264,11584,-0.7336879182150069
validation,23,-8321.09963472697,11584,-0.7183269712298834
validation,24,-7670.065579468723,11584,-0.6621258269568994
validation,25,-7179.061979569753,11584,-0.6197394664683834
validation,26,-7676.35264418219,11584,-0.6626685638969432
validation,27,-7886.693837868832,11584,-0.6808264708105
validation,28,-7973.578914671605,11584,-0.6883269090704079
validation,29,-8204.316315136992,11584,-0.7082455382542293
validation,30,-8908.21660781413,11584,-0.7690104115861646
validation,31,-9521.309510185512,11584,-0.8219362491527549
validation,32,-9519.668598429593,11584,-0.8217945958589082
validation,33,-9414.773205132882,11584,-0.8127393996143717
validation,34,-9454.80157981698,11584,-0.8161948877604437
validation,35,-9341.317755184871,11584,-0.806398286877147
validation,36,-8386.479197492918,11584,-0.7239709251979384
validation,37,-8275.970681717314,11584,-0.7144311707283593
validation,38,-8524.474242264769,11584,-0.7358834808584918
validation,39,-8533.058363264876,11584,-0.7366245134033905
validation,40,-8201.403420953007,11584,-0.7079940798474627
validation,41,-7964.667547752572,11584,-0.6875576267051599
validation,42,-7618.1040369946195,11584,-0.657640196563762
validation,43,-7474.1455799454325,11584,-0.6452128435726374
validation,44,-7743.455312142604,11584,-0.6684612665868961
validation,45,-7749.367240013361,11584,-0.6689716194762915
validation,46,-7799.410018016564,11584,-0.6732916106713194
validation,47,-8254.877338393917,11584,-0.7126102674718505
validation,48,-8619.961920557816,11584,-0.74412654700948
validation,49,-8758.584175778045,11584,-0.7560932472184086
validation,50,-8403.113723880797,11584,-0.7254069167714776
validation,51,-8691.41786942092,11584,-0.7502950508823308
validation,52,-8574.7883290669,11584,-0.7402268930479022
validation,53,-8640.54112626315,11584,-0.745903066839015
validation,54,-8595.848272207972,11584,-0.7420449130013788
validation,55,-8626.572038740731,11584,-0.7446971718526183
validation,56,-7850.033672332484,11584,-0.6776617465756632
validation,57,-7938.985706865121,11584,-0.6853406169600416
validation,58,-7393.854600348348,11584,-0.638281647129519
validation,59,-6988.246911340981,11584,-0.6032671712138278
validation,60,-6958.140028186333,11584,-0.6006681654166379
validation,61,-7969.690403069536,11584,-0.6879912295467486
validation,62,-7537.263349593352,11584,-0.650661546062962
validation,63,-7574.851238140246,11584,-0.6539063568836538
validation,64,-7550.030288667649,11584,-0.6517636644222763
validation,65,-7051.635622366966,11584,-0.6087392629805738
validation,66,-6766.9867747990465,11584,-0.5841666760012989
validation,67,-7211.570815921175,11584,-0.6225458231976153
validation,68,-6796.141929339398,11584,-0.5866835229056802
validation,69,-6289.168905793397,11584,-0.5429185864807836
validation,70,-6139.609116096067,11584,-0.530007693033155
validation,71,-4992.09205309185,11584,-0.4309471730914926
validation,72,-4581.899799203588,11584,-0.3955369301798678
validation,73,-5064.2428737702785,11584,-0.43717566244563866
validation,74,-5165.905464910775,11584,-0.4459517839184025
validation,75,-5100.291778132617,11584,-0.4402876189686306
validation,76,-5918.093733394004,11584,-0.510885163449068
validation,77,-6379.806804862688,11584,-0.550742990751268
validation,78,-6419.573503952,11584,-0.5541758894986187
validation,79,-6559.47387843951,11584,-0.5662529245890461
validation,80,-6754.422561129852,11584,-0.5830820581085853
validation,81,-6610.084022073039,11583,-0.5706711579101302
validation,82,-6457.826507776055,11584,-0.5574781170386788
validation,83,-5955.812624639798,11584,-0.5141412832044024
validation,84,-5139.586812389877,11584,-0.44367980079332503
validation,85,-5363.653750766984,11584,-0.4630225958880338
validation,86,-4893.091792816987,11584,-0.42240087990478137
validation,87,-5214.485473704068,11584,-0.4501455001471053
validation,88,-4800.120537321492,11584,-0.4143750463847973
validation,89,-5346.650806796626,11584,-0.46155480031048224
validation,90,-4879.200152917773,11584,-0.42120167065933817
validation,91,-5601.631359868022,11584,-0.4835662430825295
validation,92,-5572.503310842988,11584,-0.48105173608796514
validation,93,-6088.401680467079,11584,-0.525587161642531
validation,94,-5818.9377986087575,11584,-0.5023254315097339
validation,95,-5600.462717381422,11584,-0.48346535888997083
validation,96,-4927.410404152154,11584,-0.42536346720926743
validation,97,-4494.806992767786,11584,-0.3880185594585451
validation,98,-4521.100903059701,11584,-0.39028840668678355
validation,99,-4646.113368292083,11584,-0.40108022861637455
validation,100,-5019.795985826612,11584,-0.43333874187039123
validation,101,-5041.936722553511,11584,-0.4352500623751304
validation,102,-5380.7617326793425,11584,-0.4644994589674847
validation,103,-5127.51085058646,11584,-0.44263733171499137
validation,104,-5191.850655851406,11584,-0.4481915276114819
validation,105,-4996.925094126344,11584,-0.431364390031625
validation,106,-4662.3697842009105,11584,-0.4024835794372333
validation,107,-4602.661541191485,11584,-0.39732920763048046
validation,108,-4814.884188427196,11584,-0.4156495328407455
validation,109,-4822.68245310293,11584,-0.41632272557863687
validation,110,-4426.917005033249,11584,-0.3821578906278702
validation,111,-4710.725132385858,11584,-0.4066579016217074
validation,112,-4830.078834214516,11584,-0.4169612253292918
validation,113,-4737.62727579661,11584,-0.40898025516200015
validation,114,-4324.484900862213,11584,-0.3733153401987408
validation,115,-4339.887425336788,11584,-0.374644978015952
validation,116,-3807.3333846617497,11584,-0.32867173555436374
validation,117,-3948.142626919256,11584,-0.3408272295337756
validation,118,-3703.4939450753805,11584,-0.3197076955348222
validation,119,-4183.511492525833,11584,-0.3611456744238461
validation,120,-4177.0575282080135,11584,-0.36058852971408956
validation,121,12595.27880043548,3340,3.771041557016611
validation,122,105131.06187081963,11584,9.0755405620528
validation,123,111234.78916308995,11584,9.602450721951826
validation,124,115650.25717130187,11584,9.983620266859623
validation,125,119199.29808970176,11584,10.289994655533645
validation,126,-153.17035663204314,11584,-0.01322257912914737
validation,127,-2632.843411167108,11584,-0.22728275303583462
validation,128,-2942.739888796704,11584,-0.25403486609087567
validation,129,-3159.348285988624,11584,-0.2727337954064765
validation,130,-3093.88703709325,11584,-0.2670827898043206
validation,131,-3429.401947040707,11584,-0.2960464387984036
validation,132,-3818.1986955217903,11584,-0.3296096940194916
validation,133,-4308.006906763469,11584,-0.3718928614264044
validation,134,-4616.193960099651,11584,-0.39849740677655826
validation,135,-4814.813498262531,11584,-0.4156434304439339
validation,136,-4406.22764240676,11584,-0.38037186139561124
validation,137,-3841.5842758513218,11584,-0.3316284768518061
validation,138,-3151.924605839228,11584,-0.2720929390399886
validation,139,-3652.5184758663504,11584,-0.315307188869678
validation,140,-3673.587721043033,11584,-0.3171260118303723
validation,141,-3253.6475510884034,11584,-0.28087427063953757
validation,142,-3520.971382931057,11584,-0.303951258885623
validation,143,-3950.7517732004285,11584,-0.341052466609153
validation,144,-3888.63392626103,11584,-0.33569008341341766
validation,145,-3540.360468510158,11584,-0.3056250404445924
validation,146,-3836.3370991083048,11584,-0.33117550924622796
validation,147,-4253.727538890923,11584,-0.36720714251475506
validation,148,-4486.3987562664415,11584,-0.38729271031305607
validation,149,-4219.462981282198,11584,-0.36424922145046595
validation,150,-4833.362236044725,11584,-0.41724466816684436
validation,151,-5588.676105327918,11584,-0.48244786820855645
validation,152,-5258.265285459121,11584,-0.4539248347254075
validation,153,-5351.326318391202,11583,-0.46199830081940796
validation,154,-5209.923097955272,11584,-0.4497516486494537
validation,155,-4963.943702807944,11584,-0.42851723953797854
validation,156,-4421.339415084887,11584,-0.3816763997828804
validation,157,-4023.1168805811076,11584,-0.34729945447005417
validation,158,-4320.347490378936,11584,-0.3729581742385131
validation,159,-4939.237725287024,11584,-0.42638447214149033
validation,160,-4143.406308021117,11584,-0.3576835555957456
validation,161,-4573.694049991324,11584,-0.39482856094538366
validation,162,-4668.435902655178,11584,-0.40300724297782964
validation,163,-3701.277559268115,11584,-0.3195163638870956
validation,164,-3126.4859746761426,11584,-0.2698969246094736
validation,165,-3212.518369037151,11583,-0.27734769654123725
validation,166,-2950.261933078199,11584,-0.2546842138361705
validation,167,-2697.0520162768375,11584,-0.23282562295207507
validation,168,-2815.498825380456,11584,-0.24305065826834046
validation,169,-3796.250398749751,11584,-0.3277149860799164
validation,170,-3743.8773679145393,11584,-0.32319383355615844
validation,171,-3879.1678658062874,11584,-0.3348729165923936
validation,172,-4273.938137826802,11584,-0.36895184200852915
validation,173,-4725.767174556241,11584,-0.40795642045547664
validation,174,-4557.201711237633,11584,-0.3934048438568399
validation,175,-4372.926747667394,11583,-0.3775297200783384
validation,176,-3490.0234963874923,11584,-0.30127965265776
validation,177,-2492.469784581613,11584,-0.21516486400048457
validation,178,-2185.4665433781784,11584,-0.18866251237725987
validation,179,-1925.2100166341208,11584,-0.16619561607684055
validation,180,-1983.2443340018735,11584,-0.17120548463413965
validation,181,-3091.033787415177,11584,-0.26683648026719414
validation,182,-4127.443814480984,11584,-0.35630557790754347
validation,183,-5375.153296114063,11584,-0.46401530525846535
validation,184,-6015.10549361705,11584,-0.5192597974462233
validation,185,-6503.264688823429,11584,-0.5614006119495364
validation,186,-6354.738175587734,11584,-0.5485789170914825
validation,187,-6922.37134157633,11584,-0.5975803989620451
validation,188,-5682.058643962463,11584,-0.49050920614316845
validation,189,-5636.960709320507,11584,-0.48661608333222606
validation,190,-5573.409296889192,11584,-0.481129946209357
validation,191,-5722.274986211568,11584,-0.49398092077102623
validation,192,-5447.363313991642,11584,-0.47024890486806303
validation,193,-1807.8969672736573,11584,-0.15606845366657954
validation,194,-570.3478306446541,11584,-0.049235827921672484
validation,195,-680.8284178963717,11584,-0.05877317143442435
validation,196,-186.40276067744276,11584,-0.016091398539143886
validation,197,272.69464189222833,11584,0.023540628616387116
validation,198,-3860.7609412415654,11584,-0.3332839210325937
validation,199,-5043.1372684227845,11584,-0.43535370065804424
validation,200,-5012.872320223719,11584,-0.43274104974306965
validation,201,-5432.2867850532575,11584,-0.46894740893070247
validation,202,-6017.607284986623,11584,-0.5194757670050607
validation,203,-6804.587296492961,11584,-0.5874125773906217
validation,204,-6264.285325358013,11584,-0.5407704873409888
validation,205,-5376.512857332144,11584,-0.46413267069510916
validation,206,-4830.038289521768,11584,-0.41695772526948965
validation,207,-4518.907582822687,11584,-0.39009906619670986
validation,208,-4348.078540311964,11584,-0.3753520839357704
validation,209,-4452.647147576651,11584,-0.3843790700601391
validation,210,-4535.836136359478,11584,-0.3915604399481593
validation,211,-5035.056392144212,11556,-0.4357092758864842
validation,212,-6221.748643955273,11584,-0.5370984671922715
validation,213,-6525.534980619127,11584,-0.5633231164208501
validation,214,-6342.146443324422,11584,-0.5474919236295254
validation,215,-6025.857354832339,11584,-0.520187962261079
validation,216,-5533.957731779778,11584,-0.4777242517075085
validation,217,-4798.644187417763,11584,-0.41424759905194775
validation,218,-4150.928841007469,11584,-0.35833294552895967
validation,219,-4156.372145454215,11584,-0.3588028440481884
validation,220,-4788.918322240382,11584,-0.41340800433704955
validation,221,-5460.798602871195,11584,-0.4714087191705106
validation,222,-6260.353954349804,11584,-0.5404311079376557
validation,223,-6437.67919164266,11584,-0.5557388804940142
validation,224,-6504.769395377375,11584,-0.5615305071976325
validation,225,-6706.283125183,11584,-0.5789263747568197
validation,226,-6428.88713016255,11584,-0.5549798972861317
validation,227,-6464.609100406933,11584,-0.5580636309052946
validation,228,-6766.459021951563,11584,-0.5841211172264816
validation,229,-7503.9093736107625,11584,-0.6477822318379457
validation,230,-7695.364971669419,11584,-0.6643098214493628
validation,231,-7589.58110278495,11584,-0.6551779266906897
validation,232,-7312.329248491086,11584,-0.6312438923075868
validation,233,-5939.403337656301,11584,-0.5127247356402194
validation,234,-4882.792123911409,11584,-0.42151175102826394
validation,235,-3223.545063421201,11584,-0.2782756442870512
validation,236,-1647.1344253561222,11584,-0.14219047180215144
validation,237,832.5712545215553,11584,0.07187251851878067
validation,238,136.43330448506194,11584,0.011777736920326479
validation,239,111907.90915666067,9309,12.021474826153257
validation,240,194671.27436371444,11584,16.8051859775306
